0,88.795803,4500.787684,4589.583487
10,76.554580,4513.460175,4590.014755
20,55.964662,4534.451110,4590.415773
30,27.682869,4563.098503,4590.781372
40,-7.548015,4598.656154,4591.108139
50,-48.930038,4640.324005,4591.393967
60,-95.632409,4687.270084,4591.637675
70,-146.807470,4738.646243,4591.838773
80,-201.603533,4793.600918,4591.997385
90,-259.177526,4851.291828,4592.114302
100,-318.709219,4910.900295,4592.191076
110,-379.417165,4971.647248,4592.230083
120,-440.575107,5032.809604,4592.234497
130,-501.526880,5093.735040,4592.208160
140,-561.697854,5153.853225,4592.155371
150,-620.601631,5212.682256,4592.080625
160,-677.841595,5269.829963,4591.988368
170,-733.107757,5324.990535,4591.882778
180,-786.169933,5377.937554,4591.767621
190,-836.868515,5428.514673,4591.646158
200,-885.104072,5476.625194,4591.521122
210,-930.826802,5522.221528,4591.394725
220,-974.026542,5565.295248,4591.268706
230,-1014.723804,5605.868189,4591.144384
240,-1052.962056,5643.984785,4591.022729
250,-1088.801287,5679.705707,4590.904420
260,-1122.312834,5713.102744,4590.789910
270,-1153.575345,5744.254822,4590.679477
280,-1182.671762,5773.245033,4590.573271
290,-1209.687162,5800.158519,4590.471357
300,-1234.707341,5825.081083,4590.373743
310,-1257.817960,5848.098368,4590.280408
320,-1279.104160,5869.295481,4590.191321
330,-1298.650471,5888.756925,4590.106454
340,-1316.540912,5906.566695,4590.025783
350,-1332.859159,5922.808455,4589.949296
360,-1347.688665,5937.565647,4589.876982
370,-1361.112664,5950.921490,4589.808826
380,-1373.213981,5962.958781,4589.744800
390,-1384.074630,5973.759478,4589.684847
400,-1393.775205,5983.404083,4589.628878
410,-1402.394093,5991.970851,4589.576758
420,-1410.006592,5999.534902,4589.528310
430,-1416.684021,6006.167333,4589.483312
440,-1422.492940,6011.934450,4589.441510
450,-1427.494575,6016.897201,4589.402626
460,-1431.744554,6021.110933,4589.366379
470,-1435.292997,6024.625501,4589.332504
480,-1438.184988,6027.485754,4589.300766
490,-1440.461380,6029.732361,4589.270981
500,-1442.159888,6031.402911,4589.243023
510,-1443.316336,6032.533169,4589.216833
520,-1443.965961,6033.158373,4589.192412
530,-1444.144618,6033.314439,4589.169821
540,-1443.889795,6033.038957,4589.149162
550,-1443.241311,6032.371875,4589.130564
560,-1442.241639,6031.355798,4589.114160
570,-1440.935810,6030.035877,4589.100067
580,-1439.370898,6028.459266,4589.088368
590,-1437.595113,6026.674202,4589.079089
600,-1435.656593,6024.728783,4589.072190
610,-1433.601992,6022.669552,4589.067560
620,-1431.475019,6020.540032,4589.065013
630,-1429.315064,6018.379366,4589.064301
640,-1427.156056,6016.221183,4589.065127
650,-1425.025669,6014.092835,4589.067165
660,-1422.944954,6012.015036,4589.070082
670,-1420.928400,6010.001958,4589.073558
680,-1418.984412,6008.061721,4589.077309
690,-1417.116121,6006.197217,4589.081096
700,-1415.322435,6004.407175,4589.084739
710,-1413.599232,6002.687351,4589.088119
720,-1411.940585,6001.031763,4589.091178
730,-1410.339966,5999.433879,4589.093914
740,-1408.791341,5997.887721,4589.096380
750,-1407.290157,5996.388829,4589.098672
760,-1405.834155,5994.935079,4589.100924
770,-1404.424025,5993.527321,4589.103297
780,-1403.063841,5992.169807,4589.105966
790,-1401.761280,5990.870395,4589.109114
800,-1400.527570,5989.640482,4589.112912
810,-1399.377135,5988.494638,4589.117504
820,-1398.326929,5987.449922,4589.122993
830,-1397.395447,5986.524872,4589.129425
840,-1396.601437,5985.738210,4589.136774
850,-1395.962377,5985.107311,4589.144935
860,-1395.492828,5984.646544,4589.153716
870,-1395.202764,5984.365612,4589.162848
880,-1395.096052,5984.268041,4589.171989
890,-1395.169235,5984.349985,4589.180750
900,-1395.410764,5984.599478,4589.188714
910,-1395.800804,5984.996279,4589.195475
920,-1396.311682,5985.512345,4589.200663
930,-1396.908979,5986.112960,4589.203981
940,-1397.553190,5986.758416,4589.205226
950,-1398.201813,5987.406120,4589.204308
960,-1398.811662,5988.012916,4589.201254
970,-1399.341200,5988.537406,4589.196206
980,-1399.752658,5988.942059,4589.189401
990,-1400.013795,5989.194948,4589.181152
1000,-1400.099166,5989.270991,4589.171825
1010,-1399.990867,5989.152674,4589.161807
1020,-1399.678778,5988.830262,4589.151484
1030,-1399.160347,5988.301569,4589.141223
1040,-1398.440017,5987.571370,4589.131353
1050,-1397.528401,5986.650559,4589.122158
1060,-1396.441276,5985.555145,4589.113869
1070,-1395.198508,5984.305168,4589.106660
1080,-1393.822943,5982.923596,4589.100653
1090,-1392.339341,5981.435256,4589.095916
1100,-1390.773376,5979.865846,4589.092470
1110,-1389.150733,5978.241028,4589.090295
1120,-1387.496323,5976.585656,4589.089333
1130,-1385.833615,5974.923113,4589.089497
1140,-1384.184108,5973.274785,4589.090677
1150,-1382.566914,5971.659659,4589.092745
1160,-1380.998476,5970.094037,4589.095562
1170,-1379.492377,5968.591358,4589.098981
1180,-1378.059262,5967.162117,4589.102855
1190,-1376.706835,5965.813874,4589.107039
1200,-1375.439962,5964.551357,4589.111396
1210,-1374.260849,5963.376646,4589.115797
1220,-1373.169325,5962.289460,4589.120135
1230,-1372.163212,5961.287531,4589.124318
1240,-1371.238790,5960.367075,4589.128285
1250,-1370.391327,5959.523326,4589.131999
1260,-1369.615661,5958.751115,4589.135454
1270,-1368.906765,5958.045435,4589.138671
1280,-1368.260261,5957.401954,4589.141693
1290,-1367.672830,5956.817413,4589.144583
1300,-1367.142461,5956.289869,4589.147408
1310,-1366.668534,5955.818771,4589.150238
1320,-1366.251719,5955.404849,4589.153131
1330,-1365.893733,5955.049864,4589.156131
1340,-1365.596987,5954.756249,4589.159262
1350,-1365.364165,5954.526693,4589.162528
1360,-1365.197826,5954.363737,4589.165911
1370,-1365.100023,5954.269401,4589.169378
1380,-1365.071998,5954.244878,4589.172881
1390,-1365.113940,5954.290303,4589.176363
1400,-1365.224815,5954.404573,4589.179758
1410,-1365.402229,5954.585226,4589.182997
1420,-1365.642340,5954.828345,4589.186005
1430,-1365.939796,5955.128500,4589.188705
1440,-1366.287700,5955.478720,4589.191020
1450,-1366.677642,5955.870519,4589.192877
1460,-1367.099785,5956.293993,4589.194208
1470,-1367.543056,5956.738013,4589.194957
1480,-1367.995426,5957.190513,4589.195087
1490,-1368.444296,5957.638877,4589.194581
1500,-1368.876958,5958.070404,4589.193446
1510,-1369.281093,5958.472808,4589.191714
1520,-1369.645237,5958.834676,4589.189439
1530,-1369.959138,5959.145826,4589.186687
1540,-1370.213922,5959.397449,4589.183527
1550,-1370.401966,5959.581979,4589.180013
1560,-1370.516447,5959.692613,4589.176166
1570,-1370.550533,5959.722492,4589.171959
1580,-1370.496298,5959.663603,4589.167305
1590,-1370.343478,5959.505534,4589.162056
1600,-1370.078298,5959.234306,4589.156009
1610,-1369.682595,5958.831526,4589.148931
1620,-1369.133517,5958.274110,4589.140593
1630,-1368.403958,5957.534766,4589.130808
1640,-1367.463837,5956.583313,4589.119476
1650,-1366.282143,5955.388758,4589.106615
1660,-1364.829566,5953.921950,4589.092385
1670,-1363.081421,5952.158516,4589.077095
1680,-1361.020536,5950.081726,4589.061190
1690,-1358.639779,5947.685009,4589.045230
1700,-1355.943999,5944.973850,4589.029851
1710,-1352.951237,5941.966967,4589.015731
1720,-1349.693169,5938.696718,4589.003549
1730,-1346.214837,5935.208792,4588.993955
1740,-1342.573725,5931.561262,4588.987536
1750,-1338.838280,5927.823073,4588.984793
1760,-1335.085897,5924.072005,4588.986109
1770,-1331.400380,5920.392110,4588.991729
1780,-1327.868859,5916.870588,4589.001729
1790,-1324.578157,5913.594147,4589.015990
1800,-1321.610741,5910.644924,4589.034182
1810,-1319.040460,5908.096225,4589.055765
1820,-1316.928453,5906.008457,4589.080004
1830,-1315.319693,5904.425712,4589.106019
1840,-1314.240613,5903.373458,4589.132845
1850,-1313.698173,5902.857685,4589.159513
1860,-1313.680495,5902.865618,4589.185124
1870,-1314.158976,5903.367895,4589.208919
1880,-1315.091533,5904.321857,4589.230324
1890,-1316.426527,5905.675497,4589.248970
1900,-1318.106837,5907.371520,4589.264683
1910,-1320.073622,5909.351091,4589.277468
1920,-1322.269451,5911.556914,4589.287462
1930,-1324.640596,5913.935492,4589.294895
1940,-1327.138479,5916.438528,4589.300049
1950,-1329.720362,5919.023585,4589.303223
1960,-1332.349460,5921.654170,4589.304709
1970,-1334.994692,5924.299476,4589.304784
1980,-1337.630263,5926.933963,4589.303700
1990,-1340.235255,5929.536947,4589.301692
2000,-1342.793301,5932.092284,4589.298982
2010,-1345.292395,5934.588180,4589.295784
2020,-1347.724797,5937.017109,4589.292311
2030,-1350.086978,5939.375749,4589.288771
2040,-1352.379516,5941.664881,4589.285365
2050,-1354.606882,5943.889160,4589.282278
2060,-1356.777038,5946.056711,4589.279673
2070,-1358.900847,5948.178521,4589.277673
2080,-1360.991272,5950.267633,4589.276361
2090,-1363.062413,5952.338179,4589.275766
2100,-1365.128422,5954.404282,4589.275860
2110,-1367.202358,5956.478917,4589.276559
2120,-1369.295058,5958.572781,4589.277722
2130,-1371.414083,5960.693246,4589.279163
2140,-1373.562823,5962.843474,4589.280651
2150,-1375.739811,5965.021742,4589.281931
2160,-1377.938324,5967.221060,4589.282735
2170,-1380.146304,5969.429106,4589.282802
2180,-1382.346650,5971.628543,4589.281892
2190,-1384.517893,5973.797706,4589.279813
2200,-1386.635242,5975.911674,4589.276432
2210,-1388.671960,5977.943651,4589.271691
2220,-1390.600958,5979.866577,4589.265618
2230,-1392.396502,5981.654825,4589.258324
2240,-1394.035808,5983.285801,4589.249993
2250,-1395.500360,5984.741226,4589.240866
2260,-1396.776700,5986.007904,4589.231203
2270,-1397.856549,5987.077804,4589.221255
2280,-1398.736165,5987.947381,4589.211216
2290,-1399.414983,5988.616183,4589.201201
2300,-1399.893748,5989.084969,4589.191220
2310,-1400.172480,5989.353668,4589.181188
2320,-1400.248699,5989.419643,4589.170944
2330,-1400.116373,5989.276673,4589.160300
2340,-1399.765885,5988.914983,4589.149097
2350,-1399.185189,5988.322454,4589.137265
2360,-1398.362040,5987.486907,4589.124866
2370,-1397.287011,5986.399141,4589.112130
2380,-1395.956830,5985.056279,4589.099449
2390,-1394.377544,5983.464908,4589.087363
2400,-1392.567028,5981.643539,4589.076511
2410,-1390.556437,5979.624009,4589.067573
2420,-1388.390342,5977.451538,4589.061195
2430,-1386.125365,5975.183283,4589.057918
2440,-1383.827284,5972.885382,4589.058097
2450,-1381.566743,5970.628584,4589.061842
2460,-1379.413838,5968.482808,4589.068970
2470,-1377.432113,5966.511106,4589.078994
2480,-1375.672623,5964.763770,4589.091147
2490,-1374.168877,5963.273323,4589.104445
2500,-1372.933391,5962.051177,4589.117786
2510,-1371.956391,5961.086453,4589.130062
2520,-1371.206855,5960.347134,4589.140280
2530,-1370.635663,5959.783308,4589.147645
2540,-1370.180280,5959.331908,4589.151628
2550,-1369.770203,5958.922179,4589.151976
2560,-1369.332393,5958.481088,4589.148695
2570,-1368.796058,5957.938062,4589.142005
2580,-1368.096402,5957.228685,4589.132283
2590,-1367.177230,5956.297239,4589.120009
2600,-1365.992484,5955.098196,4589.105713
2610,-1364.506917,5953.596859,4589.089942
2620,-1362.696174,5951.769410,4589.073236
2630,-1360.546491,5949.602602,4589.056111
2640,-1358.054210,5947.093271,4589.039060
2650,-1355.225211,5944.247755,4589.022544
2660,-1352.074307,5941.081299,4589.006992
2670,-1348.624591,5937.617393,4588.992801
2680,-1344.906706,5933.887032,4588.980326
2690,-1340.957964,5929.927839,4588.969875
2700,-1336.821279,5925.782974,4588.961694
2710,-1332.543883,5921.499848,4588.955964
2720,-1328.175856,5917.128642,4588.952786
2730,-1323.768548,5912.720729,4588.952181
2740,-1319.373031,5908.327128,4588.954097
2750,-1315.038763,5903.997188,4588.958425
2760,-1310.812632,5899.777653,4588.965021
2770,-1306.738518,5895.712249,4588.973731
2780,-1302.857393,5891.841814,4588.984422
2790,-1299.207876,5888.204871,4588.996995
2800,-1295.827018,5884.838411,4589.011393
2810,-1292.750980,5881.778561,4589.027581
2820,-1290.015265,5879.060786,4589.045521
2830,-1287.654201,5876.719324,4589.065123
2840,-1285.699518,5874.785722,4589.086205
2850,-1284.178075,5873.286526,4589.108451
2860,-1283.108997,5872.240393,4589.131396
2870,-1282.500677,5871.655105,4589.154428
2880,-1282.348183,5871.525013,4589.176830
2890,-1282.631614,5871.829447,4589.197832
2900,-1283.315792,5872.532482,4589.216690
2910,-1284.351449,5873.584205,4589.232756
2920,-1285.677851,5874.923399,4589.245548
2930,-1287.226530,5876.481321,4589.254791
2940,-1288.925676,5878.186113,4589.260437
2950,-1290.704671,5879.967331,4589.262661
2960,-1292.498275,5881.760104,4589.261829
2970,-1294.250081,5883.508537,4589.258456
2980,-1295.914947,5885.168096,4589.253149
2990,-1297.460282,5886.706830,4589.246548
3000,-1298.866160,5888.105430,4589.239270
3010,-1300.124414,5889.356279,4589.231865
3020,-1301.236950,5890.461732,4589.224782
3030,-1302.213674,5891.432042,4589.218368
3040,-1303.070462,5892.283335,4589.212873
3050,-1303.827595,5893.036084,4589.208489
3060,-1304.508948,5893.714338,4589.205390
3070,-1305.141985,5894.345752,4589.203767
3080,-1305.758323,5894.962169,4589.203846
3090,-1306.394349,5895.600221,4589.205872
3100,-1307.091214,5896.301277,4589.210063
3110,-1307.893572,5897.110105,4589.216533
3120,-1308.846686,5898.071892,4589.225206
3130,-1309.991955,5899.227707,4589.235752
3140,-1311.361459,5900.609014,4589.247555
3150,-1312.972509,5902.232261,4589.259752
3160,-1314.823432,5904.094753,4589.271322
3170,-1316.891647,5906.172866,4589.281219
3180,-1319.134664,5908.423192,4589.288527
3190,-1321.493976,5910.786570,4589.292593
3200,-1323.901212,5913.194322,4589.293110
3210,-1326.285442,5915.575587,4589.290145
3220,-1328.580385,5917.864485,4589.284101
3230,-1330.730415,5920.006050,4589.275635
3240,-1332.694596,5921.960144,4589.265548
3250,-1334.448425,5923.703091,4589.254666
3260,-1335.983372,5925.227113,4589.243741
3270,-1337.304622,5926.538000,4589.233377
3280,-1338.427645,5927.651631,4589.223986
3290,-1339.374244,5928.590026,4589.215782
3300,-1340.168738,5929.377537,4589.208800
3310,-1340.834759,5930.037696,4589.202937
3320,-1341.392962,5930.590964,4589.198002
3330,-1341.859743,5931.053509,4589.193766
3340,-1342.246877,5931.436880,4589.190003
3350,-1342.561837,5931.748350,4589.186513
3360,-1342.808523,5931.991663,4589.183141
3370,-1342.988129,5932.167901,4589.179772
3380,-1343.099939,5932.276269,4589.176330
3390,-1343.141942,5932.314705,4589.172762
3400,-1343.111248,5932.280280,4589.169032
3410,-1343.004331,5932.169443,4589.165113
3420,-1342.817191,5931.978175,4589.160984
3430,-1342.545506,5931.702140,4589.156634
3440,-1342.184819,5931.336881,4589.152062
3450,-1341.730800,5930.878083,4589.147283
3460,-1341.179562,5930.321890,4589.142329
3470,-1340.528019,5929.665267,4589.137248
3480,-1339.774240,5928.906347,4589.132107
3490,-1338.917767,5928.044754,4589.126987
3500,-1337.959882,5927.081864,4589.121982
3510,-1336.903801,5926.020992,4589.117191
3520,-1335.754803,5924.867523,4589.112720
3530,-1334.520301,5923.628977,4589.108677
3540,-1333.209856,5922.315024,4589.105168
3550,-1331.835177,5920.937478,4589.102301
3560,-1330.410091,5919.510273,4589.100181
3570,-1328.950508,5918.049419,4589.098911
3580,-1327.474377,5916.572968,4589.098591
3590,-1326.001634,5915.100954,4589.099320
3600,-1324.554134,5913.655323,4589.101189
3610,-1323.155535,5912.259821,4589.104286
3620,-1321.831120,5910.939806,4589.108686
3630,-1320.607514,5909.721959,4589.114445
3640,-1319.512247,5908.633840,4589.121594
3650,-1318.573133,5907.703260,4589.130127
3660,-1317.817446,5906.957437,4589.139992
3670,-1317.270845,5906.421920,4589.151075
3680,-1316.956104,5906.119299,4589.163196
3690,-1316.891648,5906.067745,4589.176097
3700,-1317.090013,5906.279456,4589.189442
3710,-1317.556309,5906.759132,4589.202824
3720,-1318.286845,5907.502614,4589.215769
3730,-1319.268059,5908.495824,4589.227765
3740,-1320.475899,5909.714180,4589.238281
3750,-1321.875794,5911.122595,4589.246801
3760,-1323.423288,5912.676149,4589.252861
3770,-1325.065385,5914.321466,4589.256081
3780,-1326.742552,5915.998750,4589.256198
3790,-1328.391314,5917.644405,4589.253091
3800,-1329.947265,5919.194063,4589.246798
3810,-1331.348331,5920.585852,4589.237521
3820,-1332.538053,5921.763679,4589.225625
3830,-1333.468697,5922.680320,4589.211623
3840,-1334.103979,5923.300127,4589.196147
3850,-1334.421242,5923.601168,4589.179926
3860,-1334.412938,5923.576677,4589.163739
3870,-1334.087319,5923.235699,4589.148379
3880,-1333.468290,5922.602900,4589.134610
3890,-1332.594397,5921.717520,4589.123123
3900,-1331.517029,5920.631528,4589.114499
3910,-1330.297917,5919.407097,4589.109180
3920,-1329.006125,5918.113573,4589.107448
3930,-1327.714741,5916.824155,4589.109415
3940,-1326.497532,5915.612561,4589.115030
3950,-1325.425806,5914.549901,4589.124094
3960,-1324.565692,5913.701980,4589.136288
3970,-1323.975947,5913.127141,4589.151194
3980,-1323.706350,5912.874682,4589.168332
3990,-1323.796628,5912.983807,4589.187179
4000,-1324.275844,5913.483037,4589.207194
4010,-1325.162183,5914.390016,4589.227833
4020,-1326.463102,5915.711672,4589.248570
4030,-1328.175837,5917.444751,4589.268914
4040,-1330.288277,5919.576704,4589.288426
4050,-1332.780182,5922.086921,4589.306739
4060,-1335.624658,5924.948218,4589.323559
4070,-1338.789762,5928.128440,4589.338678
4080,-1342.240071,5931.592030,4589.351959
4090,-1345.938092,5935.301425,4589.363333
4100,-1349.845437,5939.218217,4589.372780
4110,-1353.923730,5943.304051,4589.380321
4120,-1358.135280,5947.521285,4589.386004
4130,-1362.443555,5951.833451,4589.389897
4140,-1366.813461,5956.205535,4589.392074
4150,-1371.211431,5960.604043,4589.392612
4160,-1375.605292,5964.996865,4589.391573
4170,-1379.963902,5969.352895,4589.388994
4180,-1384.256578,5973.641459,4589.384881
4190,-1388.452396,5977.831598,4589.379203
4200,-1392.519467,5981.891361,4589.371894
4210,-1396.424354,5985.787220,4589.362866
4220,-1400.131756,5989.483781,4589.352025
4230,-1403.604568,5992.943857,4589.339289
4240,-1406.804365,5996.128977,4589.324612
4250,-1409.692271,5999.000271,4589.308000
4260,-1412.230132,6001.519655,4589.289523
4270,-1414.381829,6003.651148,4589.269319
4280,-1416.114602,6005.362189,4589.247587
4290,-1417.400218,6006.624798,4589.224580
4300,-1418.215899,6007.416491,4589.200591
4310,-1418.544974,6007.720911,4589.175937
4320,-1418.377247,6007.528194,4589.150947
4330,-1417.709162,6006.835118,4589.125955
4340,-1416.543832,6005.645125,4589.101293
4350,-1414.890991,6003.968282,4589.077292
4360,-1412.766959,6001.821237,4589.054279
4370,-1410.194609,5999.227191,4589.032581
4380,-1407.203342,5996.215867,4589.012524
4390,-1403.829015,5992.823443,4588.994427
4400,-1400.113775,5989.092372,4588.978597
4410,-1396.105720,5985.071039,4588.965319
4420,-1391.858330,5980.813172,4588.954843
4430,-1387.429626,5976.376993,4588.947367
4440,-1382.881023,5971.824049,4588.943026
4450,-1378.275891,5967.217766,4588.941875
4460,-1373.677861,5962.621740,4588.943880
4470,-1369.148942,5958.097850,4588.948907
4480,-1364.747566,5953.704293,4588.956728
4490,-1360.526664,5949.493683,4588.967019
4500,-1356.531953,5945.511333,4588.979380
4510,-1352.800521,5941.793871,4588.993350
4520,-1349.359868,5938.368301,4589.008433
4530,-1346.227434,5935.251558,4589.024124
4540,-1343.410662,5932.450595,4589.039933
4550,-1340.907541,5929.962950,4589.055409
4560,-1338.707558,5927.777717,4589.070159
4570,-1336.792950,5925.876805,4589.083855
4580,-1335.140111,5924.236355,4589.096244
4590,-1333.721061,5922.828206,4589.107144
4600,-1332.504857,5921.621301,4589.116444
4610,-1331.458867,5920.582956,4589.124089
4620,-1330.549891,5919.679967,4589.130076
4630,-1329.745094,5918.879540,4589.134445
4640,-1329.012785,5918.150058,4589.137273
4650,-1328.323084,5917.461750,4589.138665
4660,-1327.648541,5916.787301,4589.138760
4670,-1326.964767,5916.102496,4589.137729
4680,-1326.251161,5915.386943,4589.135782
4690,-1325.491755,5914.624930,4589.133175
4700,-1324.676216,5913.806435,4589.130219
4710,-1323.800940,5912.928219,4589.127279
4720,-1322.870154,5911.994928,4589.124773
4730,-1321.896862,5911.020022,4589.123160
4740,-1320.903420,5910.026332,4589.122912
4750,-1319.921538,5909.046022,4589.124484
4760,-1318.991505,5908.119773,4589.128268
4770,-1318.160530,5907.295080,4589.134551
4780,-1317.480209,5906.623681,4589.143472
4790,-1317.003279,5906.158273,4589.154993
4800,-1316.779939,5905.948828,4589.168890
4810,-1316.854131,5906.038887,4589.184756
4820,-1317.260222,5906.462262,4589.202039
4830,-1318.020442,5907.240525,4589.220083
4840,-1319.143372,5908.381558,4589.238186
4850,-1320.623618,5909.879280,4589.255662
4860,-1322.442615,5911.714508,4589.271893
4870,-1324.570427,5913.856796,4589.286369
4880,-1326.968230,5916.266952,4589.298722
4890,-1329.591194,5918.899921,4589.308727
4900,-1332.391394,5921.707698,4589.316304
4910,-1335.320505,5924.642001,4589.321495
4920,-1338.332036,5927.656478,4589.324442
4930,-1341.383014,5930.708367,4589.325354
4940,-1344.435077,5933.759557,4589.324480
4950,-1347.455043,5936.777130,4589.322087
4960,-1350.415049,5939.733487,4589.318438
4970,-1353.292399,5942.606183,4589.313784
4980,-1356.069236,5945.377595,4589.308358
4990,-1358.732158,5948.034529,4589.302372
5000,-1361.271808,5950.567825,4589.296017
5010,-1363.682525,5952.971996,4589.289471
5020,-1365.962012,5955.244905,4589.282893
5030,-1368.111034,5957.387464,4589.276430
5040,-1370.133117,5959.403326,4589.270209
5050,-1372.034205,5961.298548,4589.264343
5060,-1373.822260,5963.081180,4589.258920
5070,-1375.506782,5964.760785,4589.254003
5080,-1377.098235,5966.347859,4589.249624
5090,-1378.607388,5967.853168,4589.245780
5100,-1380.044581,5969.287008,4589.242428
5110,-1381.418952,5970.658440,4589.239489
5120,-1382.737672,5971.974516,4589.236844
5130,-1384.005238,5973.239582,4589.234344
5140,-1385.222899,5974.454713,4589.231815
5150,-1386.388263,5975.617331,4589.229067
5160,-1387.495154,5976.721068,4589.225914
5170,-1388.533734,5977.755914,4589.222180
5180,-1389.490925,5978.708645,4589.217720
5190,-1390.351101,5979.563530,4589.212428
5200,-1391.097019,5980.303271,4589.206252
5210,-1391.710923,5980.910119,4589.199196
5220,-1392.175764,5981.367094,4589.191330
5230,-1392.476436,5981.659217,4589.182781
5240,-1392.600965,5981.774700,4589.173735
5250,-1392.541575,5981.706003,4589.164428
5260,-1392.295568,5981.450699,4589.155132
5270,-1391.865962,5981.012106,4589.146144
5280,-1391.261840,5980.399610,4589.137770
5290,-1390.498363,5979.628673,4589.130310
5300,-1389.596421,5978.720453,4589.124032
5310,-1388.581886,5977.701045,4589.119159
5320,-1387.484461,5976.600307,4589.115846
5330,-1386.336149,5975.450311,4589.114162
5340,-1385.169407,5974.283482,4589.114075
5350,-1384.015084,5973.130535,4589.115452
5360,-1382.900327,5972.018379,4589.118052
5370,-1381.846633,5970.968183,4589.121550
5380,-1380.868292,5969.993844,4589.125552
5390,-1379.971389,5969.101026,4589.129637
5400,-1379.153550,5968.286936,4589.133386
5410,-1378.404466,5967.540899,4589.136433
5420,-1377.707183,5966.845673,4589.138490
5430,-1377.040012,5966.179391,4589.139379
5440,-1376.378861,5965.517907,4589.139045
5450,-1375.699749,5964.837309,4589.137559
5460,-1374.981243,5964.116351,4589.135109
5470,-1374.206622,5963.338600,4589.131978
5480,-1373.365605,5962.494130,4589.128525
5490,-1372.455536,5961.580688,4589.125152
5500,-1371.482001,5960.604278,4589.122277
5510,-1370.458867,5959.579172,4589.120305
5520,-1369.407780,5958.527383,4589.119603
5530,-1368.357155,5957.477629,4589.120474
5540,-1367.340692,5956.463828,4589.123135
5550,-1366.395468,5955.523167,4589.127699
5560,-1365.559639,5954.693792,4589.134153
5570,-1364.869845,5954.012195,4589.142350
5580,-1364.358430,5953.510431,4589.152001
5590,-1364.050675,5953.213359,4589.162684
5600,-1363.962280,5953.136143,4589.173863
5610,-1364.097364,5953.282282,4589.184918
5620,-1364.447252,5953.642448,4589.195196
5630,-1364.990231,5954.194288,4589.204057
5640,-1365.692349,5954.903277,4589.210928
5650,-1366.509191,5955.724537,4589.215346
5660,-1367.388411,5956.605403,4589.216993
5670,-1368.272742,5957.488445,4589.215703
5680,-1369.103111,5958.314577,4589.211466
5690,-1369.821562,5959.025969,4589.204407
5700,-1370.373728,5959.568489,4589.194761
5710,-1370.710717,5959.893555,4589.182838
5720,-1370.790352,5959.959349,4589.168997
5730,-1370.577827,5959.731442,4589.153614
5740,-1370.045881,5959.182946,4589.137065
5750,-1369.174619,5958.294327,4589.119708
5760,-1367.951132,5957.053013,4589.101882
5770,-1366.369046,5955.452947,4589.083901
5780,-1364.428099,5953.494161,4589.066062
5790,-1362.133819,5951.182467,4589.048649
5800,-1359.497342,5948.529281,4589.031939
5810,-1356.535380,5945.551593,4589.016213
5820,-1353.270318,5942.272078,4589.001759
5830,-1349.730416,5938.719294,4588.988878
5840,-1345.950051,5934.927931,4588.977880
5850,-1341.969949,5930.939038,4588.969089
5860,-1337.837309,5926.800137,4588.962828
5870,-1333.605739,5922.565149,4588.959410
5880,-1329.334885,5918.294005,4588.959120
5890,-1325.089631,5914.051822,4588.962191
5900,-1320.938782,5909.907554,4588.968772
5910,-1316.953135,5905.932037,4588.978902
5920,-1313.202958,5902.195437,4588.992478
5930,-1309.754975,5898.764215,4589.009239
5940,-1306.669083,5895.697840,4589.028757
5950,-1303.995153,5893.045606,4589.050453
5960,-1301.770320,5890.843955,4589.073634
5970,-1300.017184,5889.114731,4589.097548
5980,-1298.743210,5887.864655,4589.121445
5990,-1297.941487,5887.086138,4589.144650
6000,-1297.592737,5886.759353,4589.166616
6010,-1297.668281,5886.855244,4589.186963
6020,-1298.133553,5887.339044,4589.205490
6030,-1298.951651,5888.173820,4589.222169
6040,-1300.086515,5889.323630,4589.237114
6050,-1301.505426,5890.755969,4589.250543
6060,-1303.180642,5892.443373,4589.262731
6070,-1305.090186,5894.364160,4589.273974
6080,-1307.217866,5896.502415,4589.284549
6090,-1309.552723,5898.847421,4589.294698
6100,-1312.088103,5901.392710,4589.304607
6110,-1314.820553,5904.134959,4589.314406
6120,-1317.748703,5907.072875,4589.324172
6130,-1320.872240,5910.206173,4589.333933
6140,-1324.191032,5913.534710,4589.343679
6150,-1327.704407,5917.057772,4589.353365
6160,-1331.410561,5920.773483,4589.362922
6170,-1335.306066,5924.678322,4589.372257
6180,-1339.385440,5928.766696,4589.381256
6190,-1343.640764,5933.030553,4589.389789
6200,-1348.061351,5937.459060,4589.397709
6210,-1352.633471,5942.038329,4589.404858
6220,-1357.340164,5946.751237,4589.411073
6230,-1362.161143,5951.577328,4589.416185
6240,-1367.072795,5956.492825,4589.420029
6250,-1372.048274,5961.470724,4589.422450
6260,-1377.057692,5966.480993,4589.423300
6270,-1382.068419,5971.490873,4589.422454
6280,-1387.045507,5976.465316,4589.419809
6290,-1391.952273,5981.367570,4589.415297
6300,-1396.751040,5986.159930,4589.408890
6310,-1401.404020,5990.804628,4589.400608
6320,-1405.874293,5995.264813,4589.390520
6330,-1410.126781,5999.505524,4589.378743
6340,-1414.129129,6003.494561,4589.365433
6350,-1417.852364,6007.203135,4589.350771
6360,-1421.271287,6010.606238,4589.334951
6370,-1424.364535,6013.682697,4589.318161
6380,-1427.114344,6016.414914,4589.300570
6390,-1429.506050,6018.788367,4589.282317
6400,-1431.527441,6020.790947,4589.263506
6410,-1433.168031,6022.412235,4589.244204
6420,-1434.418371,6023.642818,4589.224447
6430,-1435.269491,6024.473739,4589.204248
6440,-1435.712525,6024.896132,4589.183607
6450,-1435.738570,6024.901091,4589.162522
6460,-1435.338785,6024.479789,4589.141003
6470,-1434.504732,6023.623815,4589.119084
6480,-1433.228917,6022.325745,4589.096828
6490,-1431.505523,6020.579865,4589.074342
6500,-1429.331262,6018.383038,4589.051777
6510,-1426.706317,6015.735646,4589.029330
6520,-1423.635307,6012.642555,4589.007248
6530,-1420.128238,6009.114065,4588.985826
6540,-1416.201375,6005.166771,4588.965396
6550,-1411.877972,6000.824296,4588.946324
6560,-1407.188830,5996.117827,4588.928997
6570,-1402.172600,5991.086411,4588.913811
6580,-1396.875827,5985.776984,4588.901157
6590,-1391.352687,5980.244091,4588.891403
6600,-1385.664437,5974.549322,4588.884885
6610,-1379.878591,5968.760479,4588.881889
6620,-1374.067889,5962.950534,4588.882645
6630,-1368.309095,5957.196417,4588.887323
6640,-1362.681679,5951.577698,4588.896019
6650,-1357.266393,5946.175151,4588.908758
6660,-1352.143690,5941.069170,4588.925480
6670,-1347.391877,5936.337899,4588.946022
6680,-1343.084873,5932.054969,4588.970096
6690,-1339.289418,5928.286677,4588.997260
6700,-1336.061718,5925.088608,4589.026890
6710,-1333.443660,5922.501828,4589.058167
6720,-1331.458940,5920.549029,4589.090088
6730,-1330.109705,5919.231210,4589.121505
6740,-1329.374352,5918.525554,4589.151201
6750,-1329.207111,5918.385108,4589.177997
6760,-1329.539767,5918.740620,4589.200853
6770,-1330.285526,5919.504503,4589.218977
6780,-1331.344654,5920.576546,4589.231892
6790,-1332.611217,5921.850692,4589.239475
6800,-1333.980172,5923.222122,4589.241950
6810,-1335.354057,5924.593914,4589.239858
6820,-1336.648740,5925.882732,4589.233993
6830,-1337.797852,5927.023185,4589.225333
6840,-1338.755725,5927.970687,4589.214962
6850,-1339.498761,5928.702753,4589.203993
6860,-1340.025244,5929.218729,4589.193485
6870,-1340.353626,5929.538004,4589.184378
6880,-1340.519375,5929.696791,4589.177416
6890,-1340.570555,5929.743647,4589.173093
6900,-1340.562393,5929.734006,4589.171613
6910,-1340.551286,5929.724159,4589.172874
6920,-1340.588765,5929.765248,4589.176483
6930,-1340.716093,5929.897899,4589.181806
6940,-1340.960085,5930.148125,4589.188040
6950,-1341.330668,5930.524979,4589.194311
6960,-1341.820406,5931.020180,4589.199774
6970,-1342.405952,5931.609655,4589.203703
6980,-1343.051099,5932.256655,4589.205555
6990,-1343.710907,5932.915921,4589.205014
7000,-1344.336292,5933.538284,4589.201992
7010,-1344.878528,5934.075144,4589.196616
7020,-1345.293182,5934.482373,4589.189191
7030,-1345.543198,5934.723345,4589.180147
7040,-1345.600958,5934.770951,4589.169992
7050,-1345.449288,5934.608544,4589.159256
7060,-1345.081442,5934.229886,4589.148443
7070,-1344.500188,5933.638179,4589.137991
7080,-1343.716116,5932.844351,4589.128235
7090,-1342.745392,5931.864780,4589.119388
7100,-1341.607162,5930.718691,4589.111529
7110,-1340.320887,5929.425493,4589.104606
7120,-1338.903874,5928.002329,4589.098455
7130,-1337.369293,5926.462121,4589.092828
7140,-1335.724870,5924.812303,4589.087433
7150,-1333.972412,5923.054389,4589.081977
7160,-1332.108189,5921.184398,4589.076209
7170,-1330.124088,5919.194037,4589.069949
7180,-1328.009367,5917.072488,4589.063121
7190,-1325.752768,5914.808525,4589.055757
7200,-1323.344740,5912.392738,4589.047998
7210,-1320.779513,5909.819597,4589.040083
7220,-1318.056858,5907.089185,4589.032328
7230,-1315.183368,5904.208464,4589.025096
7240,-1312.173235,5901.192015,4589.018780
7250,-1309.048476,5898.062242,4589.013767
7260,-1305.838656,5894.849073,4589.010418
7270,-1302.580140,5891.589186,4589.009046
7280,-1299.314928,5888.324823,4589.009895
7290,-1296.089115,5885.102240,4589.013125
7300,-1292.951045,5881.969839,4589.018794
7310,-1289.949209,5878.976060,4589.026851
7320,-1287.129999,5876.167131,4589.037132
7330,-1284.535440,5873.584800,4589.049360
7340,-1282.201071,5871.264233,4589.063162
7350,-1280.154161,5869.232246,4589.078085
7360,-1278.412424,5867.506053,4589.093629
7370,-1276.983394,5866.092676,4589.109281
7380,-1275.864523,5864.989076,4589.124554
7390,-1275.043980,5864.182994,4589.139014
7400,-1274.502083,5863.654399,4589.152316
7410,-1274.213166,5863.377382,4589.164215
7420,-1274.147711,5863.322287,4589.174576
7430,-1274.274500,5863.457868,4589.183368
7440,-1274.562613,5863.753266,4589.190652
7450,-1274.983101,5864.179666,4589.196564
7460,-1275.510223,5864.711511,4589.201289
7470,-1276.122201,5865.327235,4589.205034
7480,-1276.801475,5866.009484,4589.208009
7490,-1277.534487,5866.744889,4589.210402
7500,-1278.311078,5867.523438,4589.212360
7510,-1279.123563,5868.337543,4589.213980
7520,-1279.965622,5869.180920,4589.215297
7530,-1280.831095,5870.047386,4589.216290
7540,-1281.712810,5870.929688,4589.216879
7550,-1282.601528,5871.818464,4589.216936
7560,-1283.485108,5872.701406,4589.216298
7570,-1284.347927,5873.562709,4589.214783
7580,-1285.170611,5874.382811,4589.212200
7590,-1285.930083,5875.138455,4589.208373
7600,-1286.599915,5875.803061,4589.203147
7610,-1287.150971,5876.347380,4589.196409
7620,-1287.552310,5876.740406,4589.188096
7630,-1287.772301,5876.950508,4589.178207
7640,-1287.779930,5876.946740,4589.166809
7650,-1287.546245,5876.700291,4589.154046
7660,-1287.045882,5876.186018,4589.140136
7670,-1286.258625,5875.384003,4589.125378
7680,-1285.170919,5874.281062,4589.110143
7690,-1283.777251,5872.872116,4589.094865
7700,-1282.081290,5871.161317,4589.080026
7710,-1280.096691,5869.162832,4589.066141
7720,-1277.847444,5866.901169,4589.053725
7730,-1275.367701,5864.410972,4589.043271
7740,-1272.701012,5861.736232,4589.035220
7750,-1269.898980,5858.928907,4589.029927
7760,-1267.019375,5856.047020,4589.027645
7770,-1264.123838,5853.152338,4589.028501
7780,-1261.275327,5850.307819,4589.032492
7790,-1258.535519,5847.575008,4589.039489
7800,-1255.962384,5845.011632,4589.049247
7810,-1253.608121,5842.669556,4589.061435
7820,-1251.517629,5840.593286,4589.075657
7830,-1249.727596,5838.819086,4589.091491
7840,-1248.266221,5837.374735,4589.108514
7850,-1247.153526,5836.279864,4589.126337
7860,-1246.402143,5835.546759,4589.144616
7870,-1246.018413,5835.181482,4589.163069
7880,-1246.003650,5835.185128,4589.181478
7890,-1246.355389,5835.555073,4589.199684
7900,-1247.068492,5836.286072,4589.217580
7910,-1248.136031,5837.371124,4589.235093
7920,-1249.549880,5838.802054,4589.252175
7930,-1251.301033,5840.569818,4589.268785
7940,-1253.379683,5842.664563,4589.284881
7950,-1255.775105,5845.075517,4589.300412
7960,-1258.475442,5847.790758,4589.315316
7970,-1261.467429,5850.796943,4589.329514
7980,-1264.736127,5854.079043,4589.342916
7990,-1268.264692,5857.620115,4589.355423
8000,-1272.034199,5861.401125,4589.366926
8010,-1276.023533,5865.400847,4589.377314
8020,-1280.209326,5869.595801,4589.386475
8030,-1284.565979,5873.960277,4589.394298
8040,-1289.065738,5878.466418,4589.400680
8050,-1293.678864,5883.084390,4589.405526
8060,-1298.373891,5887.782651,4589.408761
8070,-1303.118004,5892.528331,4589.410327
8080,-1307.877530,5897.287728,4589.410198
8090,-1312.618542,5902.026920,4589.408379
8100,-1317.307559,5906.712469,4589.404910
8110,-1321.912309,5911.312183,4589.399874
8120,-1326.402517,5915.795908,4589.393391
8130,-1330.750666,5920.136282,4589.385617
8140,-1334.932685,5924.309425,4589.376740
8150,-1338.928522,5928.295497,4589.366975
8160,-1342.722552,5932.079101,4589.356550
8170,-1346.303807,5935.649506,4589.345699
8180,-1349.666008,5939.000664,4589.334656
8190,-1352.807397,5942.131036,4589.323639
8200,-1355.730395,5945.043239,4589.312844
8210,-1358.441115,5947.743557,4589.302442
8220,-1360.948773,5950.241344,4589.292571
8230,-1363.265057,5952.548396,4589.283339
8240,-1365.403506,5954.678328,4589.274822
8250,-1367.378958,5956.646030,4589.267073
8260,-1369.207113,5958.467239,4589.260127
8270,-1370.904250,5960.158257,4589.254007
8280,-1372.487101,5961.735837,4589.248736
8290,-1373.972876,5963.217216,4589.244340
8300,-1375.379401,5964.620257,4589.240856
8310,-1376.725323,5965.963652,4589.238329
8320,-1378.030282,5967.267095,4589.236812
8330,-1379.314986,5968.551344,4589.236358
8340,-1380.601070,5969.838072,4589.237003
8350,-1381.910681,5971.149437,4589.238756
8360,-1383.265721,5972.507300,4589.241579
8370,-1384.686732,5973.932102,4589.245370
8380,-1386.191493,5975.441441,4589.249948
8390,-1387.793403,5977.048455,4589.255051
8400,-1389.499859,5978.760199,4589.260340
8410,-1391.310809,5980.576220,4589.265410
8420,-1393.217725,5982.487546,4589.269821
8430,-1395.203161,5984.476289,4589.273128
8440,-1397.241044,5986.515964,4589.274920
8450,-1399.297704,5988.572562,4589.274857
8460,-1401.333568,5990.606267,4589.272699
8470,-1403.305348,5992.573670,4589.268322
8480,-1405.168492,5994.430221,4589.261729
8490,-1406.879642,5996.132682,4589.253040
8500,-1408.398869,5997.641349,4589.242480
8510,-1409.691506,5998.921855,4589.230349
8520,-1410.729455,5999.946457,4589.217002
8530,-1411.491936,6000.694750,4589.202814
8540,-1411.965682,6001.153838,4589.188156
8550,-1412.144647,6001.318022,4589.173374
8560,-1412.029312,6001.188084,4589.158772
8570,-1411.625690,6000.770285,4589.144595
8580,-1410.944127,6000.075152,4589.131026
8590,-1409.998001,5999.116183,4589.118183
8600,-1408.802401,5997.908517,4589.106117
8610,-1407.372860,5996.467679,4589.094819
8620,-1405.724219,5994.808447,4589.084228
8630,-1403.869661,5992.943901,4589.074240
8640,-1401.819988,5990.884710,4589.064722
8650,-1399.583161,5988.638684,4589.055523
8660,-1397.164125,5986.210621,4589.046496
8670,-1394.564940,5983.602443,4589.037502
8680,-1391.785201,5980.813637,4589.028437
8690,-1388.822714,5977.841945,4589.019231
8700,-1385.674400,5974.684267,4589.009866
8710,-1382.337348,5971.337730,4589.000382
8720,-1378.809962,5967.800836,4588.990874
8730,-1375.093124,5964.074620,4588.981496
8740,-1371.191282,5960.163734,4588.972452
8750,-1367.113405,5956.077394,4588.963989
8760,-1362.873724,5951.830110,4588.956386
8770,-1358.492208,5947.442144,4588.949936
8780,-1353.994731,5942.939664,4588.944932
8790,-1349.412912,5938.354565,4588.941653
8800,-1344.783614,5933.723955,4588.940341
8810,-1340.148134,5929.089325,4588.941191
8820,-1335.551120,5924.495459,4588.944339
8830,-1331.039303,5919.989156,4588.949853
8840,-1326.660140,5915.617875,4588.957735
8850,-1322.460503,5911.428426,4588.967923
8860,-1318.485542,5907.465848,4588.980306
8870,-1314.777839,5903.772579,4588.994740
8880,-1311.376930,5900.387997,4589.011067
8890,-1308.319173,5897.348302,4589.029129
8900,-1305.637864,5894.686641,4589.048777
8910,-1303.363400,5892.433268,4589.069868
8920,-1301.523229,5890.615475,4589.092246
8930,-1300.141340,5889.257054,4589.115714
8940,-1299.237111,5888.377110,4589.139999
8950,-1298.823499,5887.988221,4589.164722
8960,-1298.904769,5888.094156,4589.189386
8970,-1299.474136,5888.687519,4589.213383
8980,-1300.511812,5889.747837,4589.236025
8990,-1301.983974,5891.240579,4589.256605
9000,-1303.842992,5893.117456,4589.274464
9010,-1306.029036,5895.318094,4589.289058
9020,-1308.472916,5897.772926,4589.300010
9030,-1311.099731,5900.406868,4589.307137
9040,-1313.832832,5903.143287,4589.310455
9050,-1316.597571,5905.907723,4589.310152
9060,-1319.324425,5908.630976,4589.306551
9070,-1321.951247,5911.251310,4589.300063
9080,-1324.424584,5913.715726,4589.291142
9090,-1326.700129,5915.980373,4589.280244
9100,-1328.742479,5918.010278,4589.267798
9110,-1330.524406,5919.778595,4589.254189
9120,-1332.025858,5921.265605,4589.239747
9130,-1333.232879,5922.457628,4589.224749
9140,-1334.136581,5923.346005,4589.209425
9150,-1334.732286,5923.926252,4589.193966
9160,-1335.018889,5924.197427,4589.178539
9170,-1334.998451,5924.161745,4589.163294
9180,-1334.676011,5923.824391,4589.148380
9190,-1334.059545,5923.193489,4589.133944
9200,-1333.159992,5922.280125,4589.120133
9210,-1331.991241,5921.098335,4589.107094
9220,-1330.569971,5919.664928,4589.094956
9230,-1328.915260,5917.999085,4589.083825
9240,-1327.047903,5916.121667,4589.073765
9250,-1324.989473,5914.054257,4589.064784
9260,-1322.761184,5911.818018,4589.056834
9270,-1320.382739,5909.432551,4589.049812
9280,-1317.871371,5906.914949,4589.043577
9290,-1315.241336,5904.279313,4589.037977
9300,-1312.504062,5901.536951,4589.032889
9310,-1309.669143,5898.697407,4589.028263
9320,-1306.746200,5895.770364,4589.024164
9330,-1303.747523,5892.768328,4589.020805
9340,-1300.691256,5889.709823,4589.018567
9350,-1297.604726,5886.622717,4589.017990
9360,-1294.527401,5883.547147,4589.019746
9370,-1291.512900,5880.537468,4589.024568
9380,-1288.629438,5877.662601,4589.033163
9390,-1285.958222,5875.004318,4589.046096
9400,-1283.589534,5872.653213,4589.063678
9410,-1281.616614,5870.702479,4589.085865
9420,-1280.127947,5869.240147,4589.112200
9430,-1279.199003,5868.340829,4589.141826
9440,-1278.884759,5868.058314,4589.173555
9450,-1279.214316,5868.420319,4589.206003
9460,-1280.188516,5869.426270,4589.237754
9470,-1281.780837,5871.048356,4589.267518
9480,-1283.941155,5873.235407,4589.294253
9490,-1286.601403,5875.918630,4589.317227
9500,-1289.682013,5879.018046,4589.336033
9510,-1293.098084,5882.448637,4589.350552
9520,-1296.764612,5886.125506,4589.360894
9530,-1300.600467,5889.967801,4589.367334
9540,-1304.531160,5893.901417,4589.370258
9550,-1308.490614,5897.860733,4589.370119
9560,-1312.422207,5901.789615,4589.367408
9570,-1316.279304,5905.641936,4589.362631
9580,-1320.025447,5909.381744,4589.356298
9590,-1323.634225,5912.983126,4589.348901
9600,-1327.088858,5916.429763,4589.340905
9610,-1330.381429,5919.714158,4589.332728
9620,-1333.511772,5922.836493,4589.324721
9630,-1336.485988,5925.803141,4589.317153
9640,-1339.314664,5928.624861,4589.310197
9650,-1342.010862,5931.314785,4589.303923
9660,-1344.588023,5933.886316,4589.298293
9670,-1347.057934,5936.351111,4589.293177
9680,-1349.428927,5938.717288,4589.288361
9690,-1351.704448,5940.988018,4589.283570
9700,-1353.882103,5943.160600,4589.278497
9710,-1355.953224,5945.226052,4589.272828
9720,-1357.902981,5947.169245,4589.266264
9730,-1359.710944,5948.969494,4589.258549
9740,-1361.352033,5950.601513,4589.249480
9750,-1362.797725,5952.036644,4589.238920
9760,-1364.017404,5953.244203,4589.226799
9770,-1364.979758,5954.192879,4589.213121
9780,-1365.654145,5954.852098,4589.197953
9790,-1366.011885,5955.193311,4589.181425
9800,-1366.027472,5955.191199,4589.163727
9810,-1365.679705,5954.824807,4589.145102
9820,-1364.952777,5954.078627,4589.125849
9830,-1363.837352,5952.943671,4589.106319
9840,-1362.331648,5951.418568,4589.086919
9850,-1360.442556,5949.510668,4589.068112
9860,-1358.186762,5947.237178,4589.050416
9870,-1355.591821,5944.626222,4589.034401
9880,-1352.697069,5941.717743,4589.020674
9890,-1349.554198,5938.564056,4589.009858
9900,-1346.227267,5935.229825,4589.002559
9910,-1342.791884,5931.791197,4588.999313
9920,-1339.333301,5928.333831,4589.000530
9930,-1335.943240,5924.949667,4589.006427
9940,-1332.715414,5921.732379,4589.016965
9950,-1329.739968,5918.771773,4589.031806
9960,-1327.097292,5916.147590,4589.050298
9970,-1324.851957,5913.923463,4589.071506
9980,-1323.047625,5912.141905,4589.094279
9990,-1321.703779,5910.821145,4589.117366
10000,-1320.814867,5909.954406,4589.139539
10010,-1320.352064,5909.511788,4589.159724
10020,-1320.267374,5909.444478,4589.177104
10030,-1320.499402,5909.690579,4589.191177
10040,-1320.979866,5910.181636,4589.201770
10050,-1321.639891,5910.848893,4589.209002
10060,-1322.415286,5911.628506,4589.213220
10070,-1323.250306,5912.465221,4589.214916
10080,-1324.099733,5913.314373,4589.214640
10090,-1324.929392,5914.142329,4589.212937
10100,-1325.715455,5914.925743,4589.210288
10110,-1326.442946,5915.650037,4589.207091
10120,-1327.103932,5916.307580,4589.203649
10130,-1327.695742,5916.895926,4589.200184
10140,-1328.219523,5917.416381,4589.196858
10150,-1328.679254,5917.873049,4589.193795
10160,-1329.081242,5918.272348,4589.191106
10170,-1329.434037,5918.622944,4589.188907
10180,-1329.748590,5918.935912,4589.187322
10190,-1330.038466,5919.224954,4589.186487
10200,-1330.319924,5919.506458,4589.186533
10210,-1330.611661,5919.799230,4589.187569
10220,-1330.934119,5920.123772,4589.189652
10230,-1331.308289,5920.501061,4589.192772
10240,-1331.754037,5920.950858,4589.196821
10250,-1332.288087,5921.489673,4589.201585
10260,-1332.921850,5922.128593,4589.206743
10270,-1333.659356,5922.871233,4589.211877
10280,-1334.495585,5923.712087,4589.216502
10290,-1335.415443,5924.635544,4589.220101
10300,-1336.393574,5925.615748,4589.222173
10310,-1337.395110,5926.617388,4589.222279
10320,-1338.377299,5927.597380,4589.220080
10330,-1339.291890,5928.507265,4589.215376
10340,-1340.088002,5929.296115,4589.208113
10350,-1340.715216,5929.913613,4589.198397
10360,-1341.126589,5930.313062,4589.186474
10370,-1341.281332,5930.454047,4589.172714
10380,-1341.146998,5930.304580,4589.157582
10390,-1340.701034,5929.842634,4589.141600
10400,-1339.931687,5929.057008,4589.125321
10410,-1338.838273,5927.947568,4589.109294
10420,-1337.430877,5926.524919,4589.094042
10430,-1335.729559,5924.809594,4589.080035
10440,-1333.763179,5922.830855,4589.067677
10450,-1331.567926,5920.625218,4589.057291
10460,-1329.185670,5918.234788,4589.049117
10470,-1326.662207,5915.705512,4589.043305
10480,-1324.045506,5913.085424,4589.039918
10490,-1321.384032,5910.422972,4589.038940
10500,-1318.725212,5907.765493,4589.040281
10510,-1316.114101,5905.157893,4589.043793
10520,-1313.592282,5902.641559,4589.049277
10530,-1311.197022,5900.253522,4589.056500
10540,-1308.960669,5898.025872,4589.065203
10550,-1306.910258,5895.985373,4589.075115
10560,-1305.067303,5894.153260,4589.085956
10570,-1303.447696,5892.545140,4589.097444
10580,-1302.061674,5891.170969,4589.109295
10590,-1300.913810,5890.035036,4589.121226
10600,-1300.002995,5889.135948,4589.132953
10610,-1299.322421,5888.466610,4589.144189
10620,-1298.859563,5888.014213,4589.154650
10630,-1298.596232,5887.760288,4589.164056
10640,-1298.508740,5887.680878,4589.172138
10650,-1298.568231,5887.746883,4589.178652
10660,-1298.741246,5887.924632,4589.183386
10670,-1298.990527,5888.176702,4589.186176
10680,-1299.276099,5888.463018,4589.186919
10690,-1299.556603,5888.742190,4589.185586
10700,-1299.790862,5888.973093,4589.182231
10710,-1299.939650,5889.116650,4589.177000
10720,-1299.967639,5889.137781,4589.170142
10730,-1299.845481,5889.007495,4589.162014
10740,-1299.551990,5888.705069,4589.153079
10750,-1299.076326,5888.220238,4589.143912
10760,-1298.420075,5887.555259,4589.135184
10770,-1297.599012,5886.726652,4589.127641
10780,-1296.644279,5885.766345,4589.122066
10790,-1295.602652,5884.721879,4589.119227
10800,-1294.535523,5883.655324,4589.119801
10810,-1293.516338,5882.640632,4589.124294
10820,-1292.626339,5881.759292,4589.132953
10830,-1291.948743,5881.094447,4589.145703
10840,-1291.561835,5880.723942,4589.162107
10850,-1291.531734,5880.713109,4589.181375
10860,-1291.905861,5881.108289,4589.202428
10870,-1292.708144,5881.932154,4589.224009
10880,-1293.936828,5883.181660,4589.244832
10890,-1295.565361,5884.829095,4589.263734
10900,-1297.546325,5886.826150,4589.279825
10910,-1299.817859,5889.110441,4589.292581
10920,-1302.311597,5891.613494,4589.301897
10930,-1304.960944,5894.269010,4589.308066
10940,-1307.708443,5897.020150,4589.311707
10950,-1310.511134,5899.824769,4589.313636
10960,-1313.343104,5902.657820,4589.314716
10970,-1316.194835,5905.510528,4589.315693
10980,-1319.069438,5908.386489,4589.317051
10990,-1321.976415,5911.295332,4589.318917
11000,-1324.924068,5914.245096,4589.321028
11010,-1327.911997,5917.234772,4589.322775
11020,-1330.925149,5920.248464,4589.323315
11030,-1333.930574,5923.252298,4589.321724
11040,-1336.877435,5926.194604,4589.317168
11050,-1339.700096,5929.009128,4589.309032
11060,-1342.323482,5931.620493,4589.297010
11070,-1344.669582,5933.950712,4589.281130
11080,-1346.663914,5935.925638,4589.261724
11090,-1348.241093,5937.480461,4589.239368
11100,-1349.348975,5938.563782,4589.214807
11110,-1349.951300,5939.140178,4589.188878
11120,-1350.028977,5939.191430,4589.162453
11130,-1349.580316,5938.716711,4589.136394
11140,-1348.620518,5937.732041,4589.111523
11150,-1347.180628,5936.269224,4589.088596
11160,-1345.306099,5934.374388,4589.068289
11170,-1343.054990,5932.106170,4589.051180
11180,-1340.495789,5929.533514,4589.037725
11190,-1337.704842,5926.733085,4589.028242
11200,-1334.763420,5923.786316,4589.022896
11210,-1331.754511,5920.776197,4589.021686
11220,-1328.759520,5917.783967,4589.024447
11230,-1325.855073,5914.885935,4589.030861
11240,-1323.110162,5912.150643,4589.040481
11250,-1320.583811,5909.636568,4589.052757
11260,-1318.323390,5907.390466,4589.067076
11270,-1316.363607,5905.446395,4589.082789
11280,-1314.726135,5903.825380,4589.099245
11290,-1313.419830,5902.535648,4589.115818
11300,-1312.441433,5901.573363,4589.131930
11310,-1311.776717,5900.923785,4589.147068
11320,-1311.402038,5900.562847,4589.160809
11330,-1311.286266,5900.459103,4589.172837
11340,-1311.393069,5900.576024,4589.182956
11350,-1311.683449,5900.874552,4589.191102
11360,-1312.118439,5901.315787,4589.197348
11370,-1312.661739,5901.863632,4589.201893
11380,-1313.282122,5902.487167,4589.205045
11390,-1313.955342,5903.162535,4589.207193
11400,-1314.665372,5903.874137,4589.208765
11410,-1315.404812,5904.615000,4589.210187
11420,-1316.174406,5905.386245,4589.211839
11430,-1316.981699,5906.195711,4589.214012
11440,-1317.838976,5907.055855,4589.216879
11450,-1318.760708,5907.981185,4589.220477
11460,-1319.760817,5908.985526,4589.224710
11470,-1320.850086,5910.079445,4589.229359
11480,-1322.034029,5911.268146,4589.234117
11490,-1323.311442,5912.550067,4589.238624
11500,-1324.673757,5913.916268,4589.242511
11510,-1326.105202,5915.350636,4589.245433
11520,-1327.583648,5916.830754,4589.247106
11530,-1329.081953,5918.329272,4589.247319
11540,-1330.569608,5919.815558,4589.245951
11550,-1332.014484,5921.257449,4589.242965
11560,-1333.384560,5922.622972,4589.238412
11570,-1334.649536,5923.881952,4589.232416
11580,-1335.782323,5925.007499,4589.225176
11590,-1336.760425,5925.977381,4589.216956
11600,-1337.567230,5926.775312,4589.208082
11610,-1338.193231,5927.392171,4589.198939
11620,-1338.637147,5927.827114,4589.189967
11630,-1338.906880,5928.088523,4589.181644
11640,-1339.020183,5928.194656,4589.174473
11650,-1339.004895,5928.173849,4589.168954
11660,-1338.898561,5928.064110,4589.165550
11670,-1338.747292,5927.911935,4589.164643
11680,-1338.603785,5927.770281,4589.166495
11690,-1338.524493,5927.695700,4589.171207
11700,-1338.566070,5927.744755,4589.178685
11710,-1338.781352,5927.969982,4589.188630
11720,-1339.215198,5928.415734,4589.200536
11730,-1339.900629,5929.114351,4589.213722
11740,-1340.855681,5930.083056,4589.227375
11750,-1342.081385,5931.322000,4589.240615
11760,-1343.561159,5932.813735,4589.252575
11770,-1345.261746,5934.524218,4589.262472
11780,-1347.135624,5936.405302,4589.269678
11790,-1349.124616,5938.398389,4589.273773
11800,-1351.164258,5940.438818,4589.274560
11810,-1353.188377,5942.460450,4589.272073
11820,-1355.133364,5944.399903,4589.266539
11830,-1356.941707,5946.200045,4589.258338
11840,-1358.564512,5947.812461,4589.247948
11850,-1359.962933,5949.198823,4589.235890
11860,-1361.108560,5950.331240,4589.222680
11870,-1361.982969,5951.191763,4589.208794
11880,-1362.576642,5951.771282,4589.194640
11890,-1362.887518,5952.068069,4589.180551
11900,-1362.919398,5952.086176,4589.166778
11910,-1362.680368,5951.833865,4589.153496
11920,-1362.181376,5951.322191,4589.140815
11930,-1361.435030,5950.563822,4589.128791
11940,-1360.454666,5949.572108,4589.117441
11950,-1359.253685,5948.360441,4589.106756
11960,-1357.845153,5946.941866,4589.096713
11970,-1356.241658,5945.328945,4589.087288
11980,-1354.455376,5943.533841,4589.078466
11990,-1352.498352,5941.568603,4589.070251
12000,-1350.382954,5939.445628,4589.062673
12010,-1348.122477,5937.178276,4589.055798
12020,-1345.731870,5934.781599,4589.049729
12030,-1343.228522,5932.273129,4589.044607
12040,-1340.633053,5929.673667,4589.040614
12050,-1337.970009,5927.007971,4589.037962
12060,-1335.268394,5924.305276,4589.036882
12070,-1332.561907,5921.599517,4589.037609
12080,-1329.888838,5918.929202,4589.040364
12090,-1327.291558,5916.336887,4589.045329
12100,-1324.815608,5913.868240,4589.052632
12110,-1322.508438,5911.570768,4589.062330
12120,-1320.417881,5909.492281,4589.074400
12130,-1318.590501,5907.679236,4589.088735
12140,-1317.069940,5906.175087,4589.105146
12150,-1315.895384,5905.018758,4589.123374
12160,-1315.100220,5904.243319,4589.143099
12170,-1314.710950,5903.874901,4589.163951
12180,-1314.746330,5903.931855,4589.185525
12190,-1315.216753,5904.424144,4589.207391
12200,-1316.123828,5905.352930,4589.229102
12210,-1317.460160,5906.710365,4589.250206
12220,-1319.209331,5908.479585,4589.270254
12230,-1321.346111,5910.634928,4589.288817
12240,-1323.836915,5913.142409,4589.305494
12250,-1326.640551,5915.960480,4589.319929
12260,-1329.709247,5919.041072,4589.331825
12270,-1332.989948,5922.330904,4589.340956
12280,-1336.425833,5925.773010,4589.347177
12290,-1339.957992,5929.308421,4589.350429
12300,-1343.527160,5932.877899,4589.350739
12310,-1347.075435,5936.423655,4589.348220
12320,-1350.547878,5939.890935,4589.343057
12330,-1353.893920,5943.229423,4589.335502
12340,-1357.068525,5946.394383,4589.325858
12350,-1360.033065,5949.347527,4589.314462
12360,-1362.755915,5952.057591,4589.301676
12370,-1365.212764,5954.500631,4589.287868
12380,-1367.386693,5956.660100,4589.273407
12390,-1369.268075,5958.526727,4589.258652
12400,-1370.854333,5960.098281,4589.243948
12410,-1372.149639,5961.379263,4589.229624
12420,-1373.164572,5962.380564,4589.215991
12430,-1373.915779,5963.119123,4589.203344
12440,-1374.425619,5963.617577,4589.191957
12450,-1374.721783,5963.903871,4589.182088
12460,-1374.836836,5964.010800,4589.173965
12470,-1374.807642,5963.975427,4589.167785
12480,-1374.674633,5963.838338,4589.163704
12490,-1374.480889,5963.642717,4589.161828
12500,-1374.271034,5963.433236,4589.162202
12510,-1374.089996,5963.254802,4589.164806
12520,-1373.981676,5963.151230,4589.169554
12530,-1373.987608,5963.163901,4589.176293
12540,-1374.145693,5963.330504,4589.184812
12550,-1374.489097,5963.683944,4589.194846
12560,-1375.045349,5964.251446,4589.206097
12570,-1375.835690,5965.053926,4589.218236
12580,-1376.874680,5966.105605,4589.230925
12590,-1378.170051,5967.413872,4589.243821
12600,-1379.722776,5968.979368,4589.256592
12610,-1381.527322,5970.796245,4589.268922
12620,-1383.572072,5972.852592,4589.280521
12630,-1385.839855,5975.130981,4589.291126
12640,-1388.308608,5977.609121,4589.300513
12650,-1390.952116,5980.260610,4589.308495
12660,-1393.740837,5983.055764,4589.314927
12670,-1396.642782,5985.962493,4589.319712
12680,-1399.624420,5988.947215,4589.322796
12690,-1402.651582,5991.975751,4589.324170
12700,-1405.690304,5995.014169,4589.323865
12710,-1408.707591,5998.029539,4589.321948
12720,-1411.672056,6000.990570,4589.318513
12730,-1414.554414,6003.868090,4589.313676
12740,-1417.327837,6006.635405,4589.307567
12750,-1419.968180,6009.268504,4589.300324
12760,-1422.454092,6011.746180,4589.292088
12770,-1424.767073,6014.050075,4589.283003
12780,-1426.891492,6016.164704,4589.273212
12790,-1428.814630,6018.077493,4589.262863
12800,-1430.526745,6019.778853,4589.252108
12810,-1432.021215,6021.262322,4589.241107
12820,-1433.294709,6022.524738,4589.230030
12830,-1434.347401,6023.566459,4589.219058
12840,-1435.183173,6024.391553,4589.208380
12850,-1435.809741,6025.007931,4589.198190
12860,-1436.238672,6025.427348,4589.188677
12870,-1436.485203,6025.665219,4589.180016
12880,-1436.567847,6025.740204,4589.172356
12890,-1436.507744,6025.673552,4589.165808
12900,-1436.327786,6025.488218,4589.160432
12910,-1436.051562,6025.207796,4589.156234
12920,-1435.702204,6024.855363,4589.153159
12930,-1435.301229,6024.452329,4589.151099
12940,-1434.867520,6024.017419,4589.149899
12950,-1434.416507,6023.565877,4589.149370
12960,-1433.959668,6023.108974,4589.149306
12970,-1433.504347,6022.653851,4589.149503
12980,-1433.053920,6022.203693,4589.149773
12990,-1432.608237,6021.758190,4589.149953
13000,-1432.164288,6021.314211,4589.149923
13010,-1431.717020,6020.866622,4589.149602
13020,-1431.260211,6020.409167,4589.148956
13030,-1430.787353,6019.935345,4589.147992
13040,-1430.292493,6019.439252,4589.146759
13050,-1429.771009,6018.916351,4589.145343
13060,-1429.220308,6018.364169,4589.143861
13070,-1428.640438,6017.782900,4589.142461
13080,-1428.034605,6017.175917,4589.141312
13090,-1427.409562,6016.550161,4589.140599
13100,-1426.775861,6015.916375,4589.140514
13110,-1426.147895,6015.289142,4589.141247
13120,-1425.543695,6014.686663,4589.142968
13130,-1424.984417,6014.130232,4589.145816
13140,-1424.493492,6013.643367,4589.149874
13150,-1424.095439,6013.250600,4589.155161
13160,-1423.814363,6012.975976,4589.161613
13170,-1423.672254,6012.841330,4589.169076
13180,-1423.687198,6012.864508,4589.177310
13190,-1423.871688,6013.057682,4589.185994
13200,-1424.231191,6013.425940,4589.194749
13210,-1424.763155,6013.966310,4589.203154
13220,-1425.456536,6014.667321,4589.210785
13230,-1426.291917,6015.509152,4589.217235
13240,-1427.242182,6016.464329,4589.222147
13250,-1428.273659,6017.498887,4589.225228
13260,-1429.347595,6018.573863,4589.226269
13270,-1430.421818,6019.646959,4589.225141
13280,-1431.452437,6020.674242,4589.221804
13290,-1432.395473,6021.611766,4589.216293
13300,-1433.208327,6022.417039,4589.208712
13310,-1433.851082,6023.050308,4589.199227
13320,-1434.287609,6023.475660,4589.188052
13330,-1434.486523,6023.661971,4589.175448
13340,-1434.422007,6023.583719,4589.161712
13350,-1434.074516,6023.221691,4589.147175
13360,-1433.431377,6022.563570,4589.132194
13370,-1432.487235,6021.604377,4589.117142
13380,-1431.244298,6020.346698,4589.102400
13390,-1429.712295,6018.800632,4589.088337
13400,-1427.908078,6016.983369,4589.075290
13410,-1425.854787,6014.918331,4589.063544
13420,-1423.580568,6012.633877,4589.053309
13430,-1421.116898,6010.161598,4589.044701
13440,-1418.496623,6007.534358,4589.037735
13450,-1415.751958,6004.784288,4589.032330
13460,-1412.912663,6001.940985,4589.028322
13470,-1410.004711,5999.030211,4589.025500
13480,-1407.049625,5996.073261,4589.023636
13490,-1404.064604,5993.087135,4589.022531
13500,-1401.063377,5990.085424,4589.022047
13510,-1398.057626,5987.079747,4589.022122
13520,-1395.058639,5984.081419,4589.022780
13530,-1392.078881,5981.102996,4589.024115
13540,-1389.133136,5978.159397,4589.026261
13550,-1386.238979,5975.268337,4589.029358
13560,-1383.416478,5972.449984,4589.033506
13570,-1380.687102,5969.725838,4589.038736
13580,-1378.072014,5967.116993,4589.044979
13590,-1375.589938,5964.641993,4589.052054
13600,-1373.254922,5962.314594,4589.059672
13610,-1371.074264,5960.141710,4589.067446
13620,-1369.046904,5958.121834,4589.074930
13630,-1367.162498,5956.244146,4589.081648
13640,-1365.401327,5954.488475,4589.087147
13650,-1363.735133,5952.826171,4589.091038
13660,-1362.128850,5951.221890,4589.093040
13670,-1360.543165,5949.636186,4589.093021
13680,-1358.937757,5948.028783,4589.091026
13690,-1357.275002,5946.362292,4589.087290
13700,-1355.523898,5944.606146,4589.082247
13710,-1353.663903,5942.740419,4589.076515
13720,-1351.688347,5940.759211,4589.070863
13730,-1349.607017,5938.673178,4589.066162
13740,-1347.447503,5936.510811,4589.063307
13750,-1345.254915,5934.318050,4589.063135
13760,-1343.089651,5932.155964,4589.066314
13770,-1341.023119,5930.096366,4589.073247
13780,-1339.131605,5928.215596,4589.083991
13790,-1337.488822,5926.587032,4589.098210
13800,-1336.158062,5925.273250,4589.115187
13810,-1335.185087,5924.318974,4589.133888
13820,-1334.592873,5923.745954,4589.153082
13830,-1334.379117,5923.550612,4589.171495
13840,-1334.516893,5923.704864,4589.187971
13850,-1334.958296,5924.159896,4589.201600
13860,-1335.640414,5924.852231,4589.211817
13870,-1336.492620,5925.711056,4589.218436
13880,-1337.444133,5926.665771,4589.221638
13890,-1338.430893,5927.652812,4589.221918
13900,-1339.401107,5928.621113,4589.220005
13910,-1340.319066,5929.535837,4589.216771
13920,-1341.167160,5930.380301,4589.213141
13930,-1341.946145,5931.156158,4589.210012
13940,-1342.673865,5931.882047,4589.208182
13950,-1343.382646,5932.590931,4589.208285
13960,-1344.115637,5933.326388,4589.210751
13970,-1344.922357,5934.138131,4589.215774
13980,-1345.853774,5935.077067,4589.223293
13990,-1346.957278,5936.190279,4589.233001
14000,-1348.271935,5937.516303,4589.244368
14010,-1349.824450,5939.081140,4589.256690
14020,-1351.626205,5940.895349,4589.269144
14030,-1353.671638,5942.952505,4589.280867
14040,-1355.938099,5945.229128,4589.291029
14050,-1358.387136,5947.686030,4589.298894
14060,-1360.966985,5950.270866,4589.303881
14070,-1363.615945,5952.921536,4589.305590
14080,-1366.266229,5955.570051,4589.303822
14090,-1368.847898,5958.146467,4589.298568
14100,-1371.292553,5960.582548,4589.289995
14110,-1373.536535,5962.814947,4589.278412
14120,-1375.523520,5964.787763,4589.264242
14130,-1377.206461,5966.454452,4589.247990
14140,-1378.548945,5967.779160,4589.230214
14150,-1379.526062,5968.737567,4589.211505
14160,-1380.124902,5969.317372,4589.192470
14170,-1380.344791,5969.518514,4589.173724
14180,-1380.197344,5969.353224,4589.155880
14190,-1379.706360,5968.845900,4589.139541
14200,-1378.907516,5968.032804,4589.125288
14210,-1377.847805,5966.961472,4589.113667
14220,-1376.584588,5965.689751,4589.105163
14230,-1375.184152,5964.284324,4589.100172
14240,-1373.719675,5962.818652,4589.098977
14250,-1372.268572,5961.370278,4589.101707
14260,-1370.909242,5960.017560,4589.108317
14270,-1369.717360,5958.835930,4589.118570
14280,-1368.761929,5957.893957,4589.132028
14290,-1368.101404,5957.249471,4589.148067
14300,-1367.780213,5956.946121,4589.165907
14310,-1367.826025,5957.010682,4589.184657
14320,-1368.248043,5957.451412,4589.203369
14330,-1369.036516,5958.257621,4589.221106
14340,-1370.163537,5959.400539,4589.237003
14350,-1371.585056,5960.835380,4589.250325
14360,-1373.243922,5962.504433,4589.260511
14370,-1375.073672,5964.340877,4589.267205
14380,-1377.002727,5966.272989,4589.270262
14390,-1378.958665,5968.228413,4589.269749
14400,-1380.872234,5970.138156,4589.265922
14410,-1382.680877,5971.940072,4589.259195
14420,-1384.331552,5973.581656,4589.250104
14430,-1385.782748,5975.022013,4589.239265
14440,-1387.005642,5976.232966,4589.227324
14450,-1387.984394,5977.199320,4589.214926
14460,-1388.715647,5977.918314,4589.202668
14470,-1389.207303,5978.398372,4589.191069
14480,-1389.476717,5978.657264,4589.180547
14490,-1389.548459,5978.719857,4589.171398
14500,-1389.451831,5978.615624,4589.163793
14510,-1389.218372,5978.376153,4589.157781
14520,-1388.879551,5978.032855,4589.153304
14530,-1388.464860,5977.615083,4589.150223
14540,-1388.000450,5977.148796,4589.148346
14550,-1387.508384,5976.655844,4589.147460
14560,-1387.006484,5976.153842,4589.147357
14570,-1386.508645,5975.656501,4589.147857
14580,-1386.025448,5975.174258,4589.148811
14590,-1385.564866,5974.714973,4589.150107
14600,-1385.132879,5974.284536,4589.151657
14610,-1384.733877,5973.887267,4589.153389
14620,-1384.370806,5973.526036,4589.155230
14630,-1384.045077,5973.202175,4589.157097
14640,-1383.756333,5972.915228,4589.158895
14650,-1383.502158,5972.662672,4589.160515
14660,-1383.277859,5972.439696,4589.161838
14670,-1383.076383,5972.239131,4589.162748
14680,-1382.888422,5972.051560,4589.163139
14690,-1382.702721,5971.865645,4589.162924
14700,-1382.506570,5971.668618,4589.162048
14710,-1382.286442,5971.446930,4589.160488
14720,-1382.028748,5971.187008,4589.158261
14730,-1381.720641,5970.876068,4589.155427
14740,-1381.350861,5970.502947,4589.152086
14750,-1380.910550,5970.058931,4589.148381
14760,-1380.394033,5969.538520,4589.144488
14770,-1379.799510,5968.940128,4589.140618
14780,-1379.129643,5968.266649,4589.137006
14790,-1378.391977,5967.525882,4589.133905
14800,-1377.599175,5966.730748,4589.131573
14810,-1376.769018,5965.899277,4589.130259
14820,-1375.924119,5965.054313,4589.130194
14830,-1375.091340,5964.222908,4589.131568
14840,-1374.300884,5963.435404,4589.134519
14850,-1373.585079,5962.724196,4589.139117
14860,-1372.976892,5962.122242,4589.145350
14870,-1372.508246,5961.661365,4589.153120
14880,-1372.208249,5961.370489,4589.162240
14890,-1372.101470,5961.273910,4589.172440
14900,-1372.206400,5961.389783,4589.183383
14910,-1372.534243,5961.728922,4589.194679
14920,-1373.088159,5962.294074,4589.205915
14930,-1373.863013,5963.079693,4589.216681
14940,-1374.845672,5964.072264,4589.226592
14950,-1376.015796,5965.251113,4589.235317
14960,-1377.347039,5966.589632,4589.242593
14970,-1378.808536,5968.056773,4589.248237
14980,-1380.366548,5969.618695,4589.252147
14990,-1381.986104,5971.240410,4589.254306
15000,-1383.632559,5972.887324,4589.254765
15010,-1385.272950,5974.526592,4589.253642
15020,-1386.877133,5976.128235,4589.251102
15030,-1388.418658,5977.666006,4589.247348
15040,-1389.875391,5979.118000,4589.242609
15050,-1391.229915,5980.467041,4589.237127
15060,-1392.469709,5981.700856,4589.231147
15070,-1393.587136,5982.812047,4589.224911
15080,-1394.579252,5983.797897,4589.218645
15090,-1395.447430,5984.659982,4589.212552
15100,-1396.196801,5985.403603,4589.206802
15110,-1396.835521,5986.037044,4589.201523
15120,-1397.373863,5986.570659,4589.196796
15130,-1397.823183,5987.015828,4589.192645
15140,-1398.194806,5987.383847,4589.189041
15150,-1398.498930,5987.684828,4589.185898
15160,-1398.743626,5987.926715,4589.183089
15170,-1398.934065,5988.114518,4589.180453
15180,-1399.072037,5988.249851,4589.177815
15190,-1399.155840,5988.330844,4589.175003
15200,-1399.180557,5988.352430,4589.171873
15210,-1399.138695,5988.307011,4589.168317
15220,-1399.021136,5988.185418,4589.164282
15230,-1398.818307,5987.978088,4589.159781
15240,-1398.521471,5987.676359,4589.154888
15250,-1398.124037,5987.273783,4589.149746
15260,-1397.622813,5986.767367,4589.144553
15270,-1397.019101,5986.158661,4589.139560
15280,-1396.319569,5985.454622,4589.135053
15290,-1395.536844,5984.668184,4589.131340
15300,-1394.689744,5983.818472,4589.128728
15310,-1393.803096,5982.930601,4589.127504
15320,-1392.907083,5982.034995,4589.127912
15330,-1392.036093,5981.166215,4589.130122
15340,-1391.227090,5980.361302,4589.134212
15350,-1390.517572,5979.657721,4589.140150
15360,-1389.943254,5979.091038,4589.147784
15370,-1389.535692,5978.692537,4589.156845
15380,-1389.320072,5978.487037,4589.166965
15390,-1389.313433,5978.491132,4589.177699
15400,-1389.523523,5978.712091,4589.188568
15410,-1389.948440,5979.147533,4589.199093
15420,-1390.577066,5979.785905,4589.208838
15430,-1391.390226,5980.607668,4589.217442
15440,-1392.362378,5981.587015,4589.224637
15450,-1393.463603,5982.693861,4589.230257
15460,-1394.661632,5983.895868,4589.234236
15470,-1395.923682,5985.160273,4589.236591
15480,-1397.217945,5986.455345,4589.237400
15490,-1398.514627,5987.751412,4589.236785
15500,-1399.786535,5989.021419,4589.234884
15510,-1401.009270,5990.241104,4589.231834
15520,-1402.161122,5991.388888,4589.227766
15530,-1403.222821,5992.445614,4589.222793
15540,-1404.177260,5993.394278,4589.217018
15550,-1405.009334,5994.219874,4589.210541
15560,-1405.705965,5994.909432,4589.203467
15570,-1406.256382,5995.452305,4589.195924
15580,-1406.652623,5995.840691,4589.188068
15590,-1406.890218,5996.070312,4589.180094
15600,-1406.968908,5996.141138,4589.172230
15610,-1406.893266,5996.057994,4589.164728
15620,-1406.673009,5995.830856,4589.157847
15630,-1406.322834,5995.474655,4589.151820
15640,-1405.861628,5995.008452,4589.146824
15650,-1405.310984,5994.453927,4589.142943
15660,-1404.693095,5993.833237,4589.140142
15670,-1404.028199,5993.166453,4589.138255
15680,-1403.331917,5992.468900,4589.136983
15690,-1402.612881,5991.748806,4589.135926
15700,-1401.871064,5991.005688,4589.134625
15710,-1401.097164,5990.229785,4589.132621
15720,-1400.273192,5989.402709,4589.129518
15730,-1399.374243,5988.499277,4589.125034
15740,-1398.371228,5987.490273,4589.119045
15750,-1397.234189,5986.345786,4589.111597
15760,-1395.935778,5985.038688,4589.102911
15770,-1394.454495,5983.547849,4589.093353
15780,-1392.777355,5981.860761,4589.083406
15790,-1390.901757,5979.975380,4589.073623
15800,-1388.836466,5977.901047,4589.064581
15810,-1386.601664,5975.658499,4589.056835
15820,-1384.228133,5973.279014,4589.050881
15830,-1381.755663,5970.802777,4589.047114
15840,-1379.230802,5968.276606,4589.045804
15850,-1376.704112,5965.751184,4589.047072
15860,-1374.227088,5963.277969,4589.050882
15870,-1371.848934,5960.905968,4589.057034
15880,-1369.613432,5958.678612,4589.065180
15890,-1367.556119,5956.630963,4589.074844
15900,-1365.702062,5954.787519,4589.085457
15910,-1364.064455,5953.160862,4589.096407
15920,-1362.644242,5951.751333,4589.107091
15930,-1361.430837,5950.547806,4589.116969
15940,-1360.403877,5949.529493,4589.125617
15950,-1359.535794,5948.668544,4589.132750
15960,-1358.794858,5947.933100,4589.138243
15970,-1358.148303,5947.290426,4589.142123
15980,-1357.565198,5946.709746,4589.144549
15990,-1357.018776,5946.164554,4589.145777
16000,-1356.488111,5945.634244,4589.146133
16010,-1355.959117,5945.105091,4589.145973
16020,-1355.424954,5944.570615,4589.145661
16030,-1354.885937,5944.031482,4589.145545
16040,-1354.349085,5943.495029,4589.145944
16050,-1353.827391,5942.974525,4589.147133
16060,-1353.338901,5942.488239,4589.149339
16070,-1352.905632,5942.058360,4589.152728
16080,-1352.552397,5941.709807,4589.157410
16090,-1352.305558,5941.468986,4589.163427
16100,-1352.191772,5941.362535,4589.170763
16110,-1352.236768,5941.416109,4589.179341
16120,-1352.464219,5941.653249,4589.189030
16130,-1352.894737,5942.094391,4589.199654
16140,-1353.545036,5942.756034,4589.210998
16150,-1354.427265,5943.650086,4589.222821
16160,-1355.548538,5944.783400,4589.234862
16170,-1356.910656,5946.157508,4589.246851
16180,-1358.510053,5947.768578,4589.258524
16190,-1360.337987,5949.607618,4589.269631
16200,-1362.381003,5951.660957,4589.279954
16210,-1364.621691,5953.911012,4589.289321
16220,-1367.039715,5956.337329,4589.297614
16230,-1369.613051,5958.917837,4589.304786
16240,-1372.319326,5961.630180,4589.310854
16250,-1375.137091,5964.452983,4589.315892
16260,-1378.046846,5967.366865,4589.320019
16270,-1381.031651,5970.355021,4589.323370
16280,-1384.077208,5973.403276,4589.326067
16290,-1387.171350,5976.499546,4589.328196
16300,-1390.303018,5979.632794,4589.329776
16310,-1393.460866,5982.791620,4589.330754
16320,-1396.631739,5985.962739,4589.331000
16330,-1399.799292,5989.129619,4589.330327
16340,-1402.943047,5992.271560,4589.328513
16350,-1406.038083,5995.363424,4589.325341
16360,-1409.055484,5998.376121,4589.320637
16370,-1411.963539,6001.277844,4589.314305
16380,-1414.729558,6004.035910,4589.306351
16390,-1417.322082,6006.618980,4589.296899
16400,-1419.713205,6008.999389,4589.286184
16410,-1421.880748,6011.155293,4589.274544
16420,-1423.810038,6013.072431,4589.262392
16430,-1425.495144,6014.745330,4589.250187
16440,-1426.939493,6016.177893,4589.238400
16450,-1428.155863,6017.383352,4589.227489
16460,-1429.165800,6018.383668,4589.217868
16470,-1429.998565,6019.208453,4589.209888
16480,-1430.689702,6019.893522,4589.203821
16490,-1431.279333,6020.479180,4589.199847
16500,-1431.810290,6021.008341,4589.198051
16510,-1432.326151,6021.524570,4589.198418
16520,-1432.869269,6022.070106,4589.200837
16530,-1433.478858,6022.683960,4589.205102
16540,-1434.189210,6023.400134,4589.210924
16550,-1435.028114,6024.246054,4589.217940
16560,-1436.015541,6025.241273,4589.225732
16570,-1437.162686,6026.396528,4589.233842
16580,-1438.471404,6027.713201,4589.241797
16590,-1439.934106,6029.183236,4589.249129
16600,-1441.534112,6030.789515,4589.255402
16610,-1443.246463,6032.506694,4589.260231
16620,-1445.039131,6034.302431,4589.263299
16630,-1446.874548,6036.138923,4589.264375
16640,-1448.711354,6037.974670,4589.263316
16650,-1450.506240,6039.766314,4589.260074
16660,-1452.215780,6041.470469,4589.254688
16670,-1453.798123,6043.045402,4589.247279
16680,-1455.214482,6044.452516,4589.238034
16690,-1456.430344,6045.657536,4589.227192
16700,-1457.416376,6046.631408,4589.215032
16710,-1458.149008,6047.350858,4589.201849
16720,-1458.610712,6047.798663,4589.187951
16730,-1458.790007,6047.963640,4589.173633
16740,-1458.681223,6047.840400,4589.159177
16750,-1458.284077,6047.428916,4589.144839
16760,-1457.603092,6046.733933,4589.130841
16770,-1456.646927,6045.764298,4589.117372
16780,-1455.427630,6044.532211,4589.104581
16790,-1453.959884,6043.052464,4589.092580
16800,-1452.260251,6041.341694,4589.081443
16810,-1450.346457,6039.417668,4589.071212
16820,-1448.236735,6037.298630,4589.061895
16830,-1445.949242,6035.002717,4589.053475
16840,-1443.501551,6032.547463,4589.045912
16850,-1440.910231,6029.949375,4589.039144
16860,-1438.190502,6027.223600,4589.033098
16870,-1435.355965,6024.383651,4589.027686
16880,-1432.418388,6021.441200,4589.022812
16890,-1429.387557,6018.405931,4589.018374
16900,-1426.271172,6015.285439,4589.014267
16910,-1423.074807,6012.085190,4589.010383
16920,-1419.801923,6008.808542,4589.006619
16930,-1416.453978,6005.456858,4589.002880
16940,-1413.030629,6002.029711,4588.999083
16950,-1409.530075,5998.525242,4588.995167
16960,-1405.949570,5994.940671,4588.991101
16970,-1402.286113,5991.273008,4588.986896
16980,-1398.537360,5987.519971,4588.982610
16990,-1394.702749,5983.681116,4588.978367
17000,-1390.784808,5979.759166,4588.974358
17010,-1386.790617,5975.761466,4588.970850
17020,-1382.733306,5971.701489,4588.968183
17030,-1378.633480,5967.600245,4588.966765
17040,-1374.520390,5963.487442,4588.967052
17050,-1370.432659,5959.402179,4588.969520
17060,-1366.418404,5955.393039,4588.974635
17070,-1362.534620,5951.517429,4588.982809
17080,-1358.845786,5947.840153,4588.994368
17090,-1355.421789,5944.431306,4589.009517
17100,-1352.335353,5941.363678,4589.028325
17110,-1349.659224,5938.709942,4589.050718
17120,-1347.463347,5936.539832,4589.076484
17130,-1345.812180,5934.917462,4589.105281
17140,-1344.762127,5933.898767,4589.136640
17150,-1344.358981,5933.528941,4589.169960
17160,-1344.635255,5933.839762,4589.204507
17170,-1345.607455,5934.846865,4589.239410
17180,-1347.273557,5936.547245,4589.273688
17190,-1349.611223,5938.917522,4589.306300
17200,-1352.577329,5941.913553,4589.336224
17210,-1356.109266,5945.471820,4589.362554
17220,-1360.128078,5949.512663,4589.384585
17230,-1364.543119,5953.944993,4589.401874
17240,-1369.257553,5958.671810,4589.414257
17250,-1374.173890,5963.595730,4589.421840
17260,-1379.198866,5968.623808,4589.424942
17270,-1384.247186,5973.671221,4589.424036
17280,-1389.243956,5978.663641,4589.419684
17290,-1394.125898,5983.538378,4589.412480
17300,-1398.841540,5988.244544,4589.403005
17310,-1403.350698,5992.742499,4589.391800
17320,-1407.623503,5997.002856,4589.379352
17330,-1411.639182,6001.005264,4589.366082
17340,-1415.384760,6004.737105,4589.352345
17350,-1418.853757,6008.192189,4589.338432
17360,-1422.044948,6011.369523,4589.324576
17370,-1424.961197,6014.272148,4589.310951
17380,-1427.608378,6016.906060,4589.297682
17390,-1429.994376,6019.279221,4589.284845
17400,-1432.128180,6021.400652,4589.272472
17410,-1434.019048,6023.279604,4589.260556
17420,-1435.675762,6024.924818,4589.249056
17430,-1437.105985,6026.343886,4589.237900
17440,-1438.315722,6027.542717,4589.226995
17450,-1439.308912,6028.525141,4589.216228
17460,-1440.087179,6029.292660,4589.205481
17470,-1440.649733,6029.844366,4589.194633
17480,-1440.993477,6030.177051,4589.183574
17490,-1441.113280,6030.285495,4589.172215
17500,-1441.002450,6030.162941,4589.160491
17510,-1440.653362,6029.801738,4589.148376
17520,-1440.058223,6029.194106,4589.135883
17530,-1439.209924,6028.332992,4589.123068
17540,-1438.102915,6027.212947,4589.110032
17550,-1436.734047,6025.830964,4589.096917
17560,-1435.103303,6024.187197,4589.083893
17570,-1433.214347,6022.285503,4589.071157
17580,-1431.074827,6020.133736,4589.058909
17590,-1428.696396,6017.743741,4589.047345
17600,-1426.094408,6015.131045,4589.036637
17610,-1423.287306,6012.314223,4589.026917
17620,-1420.295733,6009.314001,4589.018268
17630,-1417.141436,6006.152151,4589.010715
17640,-1413.846069,6002.850291,4589.004221
17650,-1410.430010,5999.428705,4588.998694
17660,-1406.911331,5995.905326,4588.993996
17670,-1403.305045,5992.295006,4588.989961
17680,-1399.622755,5988.609171,4588.986416
17690,-1395.872744,5984.855951,4588.983208
17700,-1392.060571,5981.040795,4588.980224
17710,-1388.190120,5977.167534,4588.977414
17720,-1384.265019,5973.239827,4588.974809
17730,-1380.290319,5969.262843,4588.972524
17740,-1376.274237,5965.245000,4588.970763
17750,-1372.229779,5961.199582,4588.969803
17760,-1368.176042,5957.146015,4588.969973
17770,-1364.138993,5953.110618,4588.971625
17780,-1360.151585,5949.126684,4588.975099
17790,-1356.253100,5945.233779,4588.980679
17800,-1352.487721,5941.476281,4588.988560
17810,-1348.902390,5937.901203,4588.998813
17820,-1345.544134,5934.555501,4589.011366
17830,-1342.457105,5931.483102,4589.025997
17840,-1339.679617,5928.721957,4589.042340
17850,-1337.241508,5926.301421,4589.059913
17860,-1335.162091,5924.240239,4589.078148
17870,-1333.448902,5922.545343,4589.096441
17880,-1332.097377,5921.211571,4589.114194
17890,-1331.091458,5920.222324,4589.130866
17900,-1330.405075,5919.551083,4589.146008
17910,-1330.004327,5919.163623,4589.159296
17920,-1329.850172,5919.020719,4589.170547
17930,-1329.901364,5919.081095,4589.179731
17940,-1330.117411,5919.304371,4589.186960
17950,-1330.461310,5919.653782,4589.192472
17960,-1330.901861,5920.098471,4589.196610
17970,-1331.415432,5920.615218,4589.199786
17980,-1331.987068,5921.189519,4589.202452
17990,-1332.610919,5921.815980,4589.205061
18000,-1333.290005,5922.498046,4589.208041
18010,-1334.035385,5923.247146,4589.211761
18020,-1334.864811,5924.081327,4589.216515
18030,-1335.801016,5925.023517,4589.222501
18040,-1336.869733,5926.099549,4589.229816
18050,-1338.097622,5927.336072,4589.238450
18060,-1339.510214,5928.758511,4589.248297
18070,-1341.130017,5930.389177,4589.259160
18080,-1342.974889,5932.245659,4589.270770
18090,-1345.056766,5934.339571,4589.282805
18100,-1347.380813,5936.675724,4589.294911
18110,-1349.945011,5939.251739,4589.306728
18120,-1352.740186,5942.058091,4589.317905
18130,-1355.750435,5945.078557,4589.328122
18140,-1358.953875,5948.290982,4589.337107
18150,-1362.323653,5951.668292,4589.344639
18160,-1365.829093,5955.179651,4589.350558
18170,-1369.436914,5958.791681,4589.354768
18180,-1373.112428,5962.469654,4589.357226
18190,-1376.820644,5966.178589,4589.357945
18200,-1380.527247,5969.884228,4589.356981
18210,-1384.199406,5973.553833,4589.354427
18220,-1387.806427,5977.156831,4589.350404
18230,-1391.320224,5980.665275,4589.345051
18240,-1394.715651,5984.054173,4589.338522
18250,-1397.970694,5987.301671,4589.330977
18260,-1401.066546,5990.389121,4589.322575
18270,-1403.987578,5993.301052,4589.313474
18280,-1406.721227,5996.025050,4589.303823
18290,-1409.257800,5998.551557,4589.293757
18300,-1411.590200,6000.873600,4589.283400
18310,-1413.713592,6002.986446,4589.272854
18320,-1415.625008,6004.887210,4589.262202
18330,-1417.322909,6006.574411,4589.251502
18340,-1418.806718,6008.047510,4589.240792
18350,-1420.076365,6009.306449,4589.230084
18360,-1421.131853,6010.351225,4589.219372
18370,-1421.972904,6011.181539,4589.208635
18380,-1422.598715,6011.796558,4589.197842
18390,-1423.007866,6012.194831,4589.186965
18400,-1423.198416,6012.374398,4589.175982
18410,-1423.168218,6012.333113,4589.164895
18420,-1422.915460,6012.069201,4589.153741
18430,-1422.439443,6011.582042,4589.142599
18440,-1421.741553,6010.873154,4589.131601
18450,-1420.826376,6009.947313,4589.120937
18460,-1419.702877,6008.813735,4589.110858
18470,-1418.385509,6007.487171,4589.101662
18480,-1416.895110,6005.988797,4589.093687
18490,-1415.259430,6004.346713,4589.087283
18500,-1413.513120,6002.595903,4589.082783
18510,-1411.697051,6000.777518,4589.080467
18520,-1409.856911,5998.937438,4589.080527
18530,-1408.041106,5997.124138,4589.083032
18540,-1406.298116,5995.386027,4589.087911
18550,-1404.673567,5993.768510,4589.094943
18560,-1403.207349,5992.311121,4589.103773
18570,-1401.931156,5991.045093,4589.113937
18580,-1400.866727,5989.991635,4589.124907
18590,-1400.024981,5989.161119,4589.136137
18600,-1399.406047,5988.553149,4589.147102
18610,-1399.000049,5988.157381,4589.157332
18620,-1398.788385,5987.954814,4589.166429
18630,-1398.745182,5987.919250,4589.174068
18640,-1398.838677,5988.018662,4589.179985
18650,-1399.032331,5988.216297,4589.183966
18660,-1399.285639,5988.471468,4589.185829
18670,-1399.554686,5988.740101,4589.185415
18680,-1399.792587,5988.975175,4589.182588
18690,-1399.949993,5989.127235,4589.177242
18700,-1399.975815,5989.145130,4589.169315
18710,-1399.818280,5988.977086,4589.158806
18720,-1399.426361,5988.572158,4589.145797
18730,-1398.751580,5987.882050,4589.130470
18740,-1397.750104,5986.863219,4589.113115
18750,-1396.385065,5985.479209,4589.094144
18760,-1394.629018,5983.703113,4589.074095
18770,-1392.466478,5981.520110,4589.053633
18780,-1389.896485,5978.930034,4589.033549
18790,-1386.935138,5975.949901,4589.014763
18800,-1383.617975,5972.616276,4588.998301
18810,-1380.001940,5968.987213,4588.985273
18820,-1376.166480,5965.143285,4588.976805
18830,-1372.213077,5961.187027,4588.973950
18840,-1368.262421,5957.239960,4588.977539
18850,-1364.448482,5953.436502,4588.988020
18860,-1360.909238,5949.914534,4589.005295
18870,-1357.774676,5946.803300,4589.028624
18880,-1355.153763,5944.210391,4589.056628
18890,-1353.122955,5942.210402,4589.087447
18900,-1351.718985,5940.837997,4589.119012
18910,-1350.937849,5940.087228,4589.149379
18920,-1350.740271,5939.917298,4589.177027
18930,-1351.062078,5940.263109,4589.201031
18940,-1351.826609,5941.047694,4589.221085
18950,-1352.956047,5942.193423,4589.237375
18960,-1354.379343,5943.629711,4589.250369
18970,-1356.035744,5945.296343,4589.260598
18980,-1357.874359,5947.142851,4589.268492
18990,-1359.851060,5949.125344,4589.274284
19000,-1361.924420,5951.202426,4589.278005
19010,-1364.052117,5953.331660,4589.279542
19020,-1366.188742,5955.467455,4589.278713
19030,-1368.285310,5957.560664,4589.275354
19040,-1370.290273,5959.559659,4589.269386
19050,-1372.151532,5961.412374,4589.260843
19060,-1373.818826,5963.068703,4589.249878
19070,-1375.246008,5964.482758,4589.236749
19080,-1376.392846,5965.614635,4589.221789
19090,-1377.226187,5966.431558,4589.205371
19100,-1377.720513,5966.908393,4589.187880
19110,-1377.857948,5967.027640,4589.169692
19120,-1377.627898,5966.779055,4589.151157
19130,-1377.026452,5966.159043,4589.132591
19140,-1376.055690,5965.169965,4589.114275
19150,-1374.723009,5963.819468,4589.096459
19160,-1373.040530,5962.119895,4589.079365
19170,-1371.024645,5960.087843,4589.063198
19180,-1368.695739,5957.743893,4589.048154
19190,-1366.078074,5955.112500,4589.034426
19200,-1363.199827,5952.222039,4589.022213
19210,-1360.093232,5949.104953,4589.011721
19220,-1356.794753,5945.797920,4589.003167
19230,-1353.345185,5942.341951,4588.996766
19240,-1349.789575,5938.782299,4588.992724
19250,-1346.176824,5935.168039,4588.991215
19260,-1342.558878,5931.551241,4588.992362
19270,-1338.989454,5927.985666,4588.996212
19280,-1335.522284,5924.524996,4589.002712
19290,-1332.209009,5921.220708,4589.011699
19300,-1329.096891,5918.119784,4589.022893
19310,-1326.226602,5915.262514,4589.035912
19320,-1323.630379,5912.680676,4589.050297
19330,-1321.330788,5910.396333,4589.065544
19340,-1319.340248,5908.421396,4589.081149
19350,-1317.661346,5906.757986,4589.096640
19360,-1316.287854,5905.399468,4589.111614
19370,-1315.206220,5904.331968,4589.125749
19380,-1314.397299,5903.536109,4589.138810
19390,-1313.838068,5902.988714,4589.150646
19400,-1313.503121,5902.664293,4589.161172
19410,-1313.365859,5902.536210,4589.170352
19420,-1313.399325,5902.577510,4589.178185
19430,-1313.576735,5902.761425,4589.184689
19440,-1313.871773,5903.061665,4589.189893
19450,-1314.258728,5903.452556,4589.193828
19460,-1314.712579,5903.909110,4589.196531
19470,-1315.209066,5904.407109,4589.198043
19480,-1315.724835,5904.923251,4589.198415
19490,-1316.237702,5905.435418,4589.197716
19500,-1316.727101,5905.923144,4589.196043
19510,-1317.174796,5906.368332,4589.193536
19520,-1317.565879,5906.756271,4589.190392
19530,-1317.890060,5907.076942,4589.186881
19540,-1318.143190,5907.326542,4589.183352
19550,-1318.328829,5907.509058,4589.180229
19560,-1318.459631,5907.637626,4589.177995
19570,-1318.558222,5907.735381,4589.177158
19580,-1318.657232,5907.835431,4589.178200
19590,-1318.798205,5907.979720,4589.181515
19600,-1319.029246,5908.216592,4589.187346
19610,-1319.401418,5908.597147,4589.195729
19620,-1319.964200,5909.170655,4589.206455
19630,-1320.760494,5909.979559,4589.219065
19640,-1321.821861,5911.054744,4589.232882
19650,-1323.164690,5912.411762,4589.247072
19660,-1324.787899,5914.048633,4589.260734
19670,-1326.672528,5915.945528,4589.272999
19680,-1328.783259,5918.066379,4589.283121
19690,-1331.071564,5920.362106,4589.290543
19700,-1333.479998,5922.774941,4589.294943
19710,-1335.946992,5925.243235,4589.296243
19720,-1338.411564,5927.706150,4589.294586
19730,-1340.817469,5930.107773,4589.290304
19740,-1343.116489,5932.400354,4589.283865
19750,-1345.270689,5934.546514,4589.275825
19760,-1347.253649,5936.520423,4589.266774
19770,-1349.050730,5938.308023,4589.257293
19780,-1350.658507,5939.906420,4589.247914
19790,-1352.083523,5941.322617,4589.239094
19800,-1353.340552,5942.571745,4589.231193
19810,-1354.450525,5943.674986,4589.224460
19820,-1355.438321,5944.657357,4589.219036
19830,-1356.330582,5945.545536,4589.214954
19840,-1357.153717,5946.365871,4589.212154
19850,-1357.932196,5947.142699,4589.210502
19860,-1358.687234,5947.897042,4589.209808
19870,-1359.435877,5948.645724,4589.209847
19880,-1360.190483,5949.400859,4589.210377
19890,-1360.958536,5950.169689,4589.211153
19900,-1361.742717,5950.954659,4589.211942
19910,-1362.541139,5951.753662,4589.212523
19920,-1363.347683,5952.560378,4589.212694
19930,-1364.152363,5953.364635,4589.212272
19940,-1364.941701,5954.152792,4589.211091
19950,-1365.699113,5954.908120,4589.209007
19960,-1366.405320,5955.611217,4589.205897
19970,-1367.038821,5956.240485,4589.201665
19980,-1367.576465,5956.772709,4589.196244
19990,-1367.994148,5957.183756,4589.189608
20000,-1368.267648,5957.449423,4589.181775
